user,url,likes,comments
https://www.instagram.com/weerascals,https://scontent-nrt1-1.cdninstagram.com/t51.2885-15/e35/21435660_927524110720069_7460592092775972864_n.jpg,103,14
https://www.instagram.com/callmesomto,https://scontent-nrt1-1.cdninstagram.com/t51.2885-15/e35/20686630_1595532853838200_1373783549194272768_n.jpg,328,15
https://www.instagram.com/tapfumaneimunengecouture,https://scontent-nrt1-1.cdninstagram.com/t51.2885-15/e35/19424811_232906387215455_8076890212938022912_n.jpg,121,0
https://www.instagram.com/amar_e_poduval,https://scontent-nrt1-1.cdninstagram.com/t51.2885-15/e35/19367305_1451672328233508_5723840161612038144_n.jpg,129,2
https://www.instagram.com/lamaisondeno45,https://scontent-nrt1-1.cdninstagram.com/t51.2885-15/e35/21434116_2036414226602594_7342042018924724224_n.jpg,144,2
https://www.instagram.com/sk_vintage,https://scontent-nrt1-1.cdninstagram.com/t51.2885-15/e35/21435322_470672243318856_8036024552599322624_n.jpg,19,0
https://www.instagram.com/davide.gallizio,https://scontent-nrt1-1.cdninstagram.com/t51.2885-15/e35/21296943_1139651696136478_4089951069394698240_n.jpg,237,1
https://www.instagram.com/revital_yanowsky,https://scontent-nrt1-1.cdninstagram.com/t51.2885-15/e35/18723100_219387128568721_9078857382460653568_n.jpg,301,3
https://www.instagram.com/lida_leone,https://scontent-nrt1-1.cdninstagram.com/t51.2885-15/e35/21372165_146643012591302_5968312959980535808_n.jpg,110,1
https://www.instagram.com/nonismithmakeup,https://scontent-nrt1-1.cdninstagram.com/t51.2885-15/e35/21373502_117425955645025_4627647100446834688_n.jpg,26,2
https://www.instagram.com/luckla12,https://scontent-nrt1-1.cdninstagram.com/t51.2885-15/e35/21436053_1653932611347787_1132690452001062912_n.jpg,10,0
https://www.instagram.com/h.rsp,https://scontent-nrt1-1.cdninstagram.com/t51.2885-15/e35/21479950_275914882812870_7247740256684867584_n.jpg,30,0
https://www.instagram.com/kerryfaulk,https://scontent-nrt1-1.cdninstagram.com/t51.2885-15/e35/21436159_168449503706449_6971859938733719552_n.jpg,27,0
https://www.instagram.com/lordjdavis,https://scontent-nrt1-1.cdninstagram.com/t51.2885-15/e35/21436071_688106928045560_5487441966184529920_n.jpg,58,0
https://www.instagram.com/domob_photos,https://scontent-nrt1-1.cdninstagram.com/t51.2885-15/e35/21373307_478637185835438_3817335923020922880_n.jpg,22,1
https://www.instagram.com/lordjdavis,https://scontent-nrt1-1.cdninstagram.com/t51.2885-15/e35/21435703_870364623118977_2434754167680532480_n.jpg,51,0
https://www.instagram.com/pleinairdraw,https://scontent-nrt1-1.cdninstagram.com/t51.2885-15/e35/21436180_140367946570647_4944927059135692800_n.jpg,59,0
https://www.instagram.com/little_descendant,https://scontent-nrt1-1.cdninstagram.com/t51.2885-15/e35/21373123_114107202638300_2397792404980629504_n.jpg,18,0
https://www.instagram.com/lewisbundyart,https://scontent-nrt1-1.cdninstagram.com/t51.2885-15/e35/21373229_2188374778055727_7272762229345222656_n.jpg,12,0
https://www.instagram.com/kaichen886,https://scontent-nrt1-1.cdninstagram.com/t51.2885-15/e35/21434075_143331002936140_6850458517699035136_n.jpg,68,0
https://www.instagram.com/adigallery,https://scontent-nrt1-1.cdninstagram.com/t51.2885-15/e35/21373781_115622592481469_2719893683502579712_n.jpg,19,0
https://www.instagram.com/shuttersutra,https://scontent-nrt1-1.cdninstagram.com/t51.2885-15/e35/21480076_310936382703603_3282817549292535808_n.jpg,48,0
https://www.instagram.com/lordjdavis,https://scontent-nrt1-1.cdninstagram.com/t51.2885-15/e35/21479873_521211988270633_4033479907378987008_n.jpg,76,0
https://www.instagram.com/johaisohai,https://scontent-nrt1-1.cdninstagram.com/t51.2885-15/e35/21433324_116564029010499_5611751900417359872_n.jpg,16,0
https://www.instagram.com/nappypants.co,https://scontent-nrt1-1.cdninstagram.com/t51.2885-15/e35/21479948_1911092155878386_8291199644965273600_n.jpg,43,1
https://www.instagram.com/elenajoycelee,https://scontent-nrt1-1.cdninstagram.com/t51.2885-15/e35/21433658_1679552495419856_8523393234913722368_n.jpg,32,1
https://www.instagram.com/amarleykennedy,https://scontent-nrt1-1.cdninstagram.com/t51.2885-15/e35/21372962_474023992982433_4423549614590787584_n.jpg,47,6
https://www.instagram.com/lordjdavis,https://scontent-nrt1-1.cdninstagram.com/t51.2885-15/e35/21373565_2033863846842885_6858106132171325440_n.jpg,87,0
https://www.instagram.com/mottay,https://scontent-nrt1-1.cdninstagram.com/t51.2885-15/e35/21373810_131878574102071_3928931761920147456_n.jpg,46,1
https://www.instagram.com/whatmakesahouseahome,https://scontent-nrt1-1.cdninstagram.com/t51.2885-15/e35/21433699_464155997302131_3999320902897500160_n.jpg,22,2
https://www.instagram.com/littlehouseinthegrove,https://scontent-nrt1-1.cdninstagram.com/t51.2885-15/e35/21371793_124276421557961_3902481682569101312_n.jpg,22,0
https://www.instagram.com/life_at_number_23,https://scontent-nrt1-1.cdninstagram.com/t51.2885-15/e35/21373666_118234242138837_2397718763471372288_n.jpg,20,1
https://www.instagram.com/blane_and_knox,https://scontent-nrt1-1.cdninstagram.com/t51.2885-15/e35/21433345_2046710178890463_7071530530352660480_n.jpg,44,9
https://www.instagram.com/lordjdavis,https://scontent-nrt1-1.cdninstagram.com/t51.2885-15/e35/21434225_1958617494393721_5631966898435391488_n.jpg,84,4
https://www.instagram.com/nappypants.co,https://scontent-nrt1-1.cdninstagram.com/t51.2885-15/e35/21480422_500896900259745_1295713129790963712_n.jpg,48,4
https://www.instagram.com/jjoshuahubbardd,https://scontent-nrt1-1.cdninstagram.com/t51.2885-15/e35/21433467_863574377127743_4648531125520564224_n.jpg,118,3
https://www.instagram.com/litvinova_instruction,https://scontent-nrt1-1.cdninstagram.com/t51.2885-15/e35/21434098_521390738202734_9028290413202505728_n.jpg,78,1
https://www.instagram.com/yorsysphotography,https://scontent-nrt1-1.cdninstagram.com/t51.2885-15/e35/21372168_348610388923949_1481466565512658944_n.jpg,7,0
https://www.instagram.com/kerryfaulk,https://scontent-nrt1-1.cdninstagram.com/t51.2885-15/e35/21372910_353457898426041_5495547394105802752_n.jpg,67,2
https://www.instagram.com/luckla12,https://scontent-nrt1-1.cdninstagram.com/t51.2885-15/e35/21373513_707352699461441_6894404215049814016_n.jpg,38,1
https://www.instagram.com/watrvision,https://scontent-nrt1-1.cdninstagram.com/t51.2885-15/e35/21373296_117070625680461_1736119415625220096_n.jpg,53,1
https://www.instagram.com/watrvision,https://scontent-nrt1-1.cdninstagram.com/t51.2885-15/e35/21373202_167857823777877_3896629454620852224_n.jpg,60,0
https://www.instagram.com/watrvision,https://scontent-nrt1-1.cdninstagram.com/t51.2885-15/e35/21435519_1768909846742106_8006423229973397504_n.jpg,46,0
https://www.instagram.com/watrvision,https://scontent-nrt1-1.cdninstagram.com/t51.2885-15/e35/21371682_1836876639975203_8517756128992428032_n.jpg,37,0
https://www.instagram.com/ravl_,https://scontent-nrt1-1.cdninstagram.com/t51.2885-15/e35/21372100_233196870538985_217256050175246336_n.jpg,47,7
https://www.instagram.com/lordjdavis,https://scontent-nrt1-1.cdninstagram.com/t51.2885-15/e35/21435694_1583499028378994_7201871779785080832_n.jpg,79,0
https://www.instagram.com/lordjdavis,https://scontent-nrt1-1.cdninstagram.com/t51.2885-15/e35/21297044_408417079556526_5086476283425062912_n.jpg,72,4
https://www.instagram.com/c.m.e.t,https://scontent-nrt1-1.cdninstagram.com/t51.2885-15/e35/21373667_1103698879816697_7912341958469615616_n.jpg,25,1
https://www.instagram.com/beastimage,https://scontent-nrt1-1.cdninstagram.com/t51.2885-15/e35/21373685_475339719512604_3369068253602119680_n.jpg,59,4
https://www.instagram.com/its.my.street,https://scontent-nrt1-1.cdninstagram.com/t51.2885-15/e35/21434219_1578227848866005_5114881444774150144_n.jpg,10,0
https://www.instagram.com/cinkovintage,https://scontent-nrt1-1.cdninstagram.com/t51.2885-15/e35/21435867_1379645115486774_3025737810729500672_n.jpg,11,0
https://www.instagram.com/lordjdavis,https://scontent-nrt1-1.cdninstagram.com/t51.2885-15/e35/21435629_261185964387779_6325130416206381056_n.jpg,97,2
https://www.instagram.com/grimography,https://scontent-nrt1-1.cdninstagram.com/t51.2885-15/e35/21372459_115617592456625_500245191836303360_n.jpg,41,2
https://www.instagram.com/pawelciach_photographer,https://scontent-nrt1-1.cdninstagram.com/t51.2885-15/e35/21296818_137204766891863_7760601713089708032_n.jpg,33,0
https://www.instagram.com/kaichen886,https://scontent-nrt1-1.cdninstagram.com/t51.2885-15/e35/21371833_1395070057196255_6659803849982738432_n.jpg,97,0
https://www.instagram.com/blueberrypancakesn,https://scontent-nrt1-1.cdninstagram.com/t51.2885-15/e35/21372145_1415715515164403_4067480814114308096_n.jpg,194,5
https://www.instagram.com/elysianphotographybyhelen,https://scontent-nrt1-1.cdninstagram.com/t51.2885-15/e35/21296826_127269337922310_3462064938489479168_n.jpg,27,4
https://www.instagram.com/lordjdavis,https://scontent-nrt1-1.cdninstagram.com/t51.2885-15/e35/21373218_1952971891628124_4984822640981049344_n.jpg,80,1
https://www.instagram.com/nappypants.co,https://scontent-nrt1-1.cdninstagram.com/t51.2885-15/e35/21296691_426437624424351_6435760759342366720_n.jpg,77,7
https://www.instagram.com/our.life.in.progress,https://scontent-nrt1-1.cdninstagram.com/t51.2885-15/e35/21373013_1244648142313844_3066792170456350720_n.jpg,41,0
https://www.instagram.com/lordjdavis,https://scontent-nrt1-1.cdninstagram.com/t51.2885-15/e35/21435790_353523331753159_6440358693631426560_n.jpg,82,0
https://www.instagram.com/hclarkephotography,https://scontent-nrt1-1.cdninstagram.com/t51.2885-15/e35/21373330_1947937432161022_1651721628926607360_n.jpg,44,4
https://www.instagram.com/blaze2k2,https://scontent-nrt1-1.cdninstagram.com/t51.2885-15/e35/21296583_134324220511827_2882109470081548288_n.jpg,40,5
https://www.instagram.com/lordjdavis,https://scontent-nrt1-1.cdninstagram.com/t51.2885-15/e35/21371793_481395008893512_5921939845898305536_n.jpg,95,2
https://www.instagram.com/pete_axm,https://scontent-nrt1-1.cdninstagram.com/t51.2885-15/e35/21371948_1984373711838810_3746061520564387840_n.jpg,33,0
https://www.instagram.com/http.woman_pride,https://scontent-nrt1-1.cdninstagram.com/t51.2885-15/e35/21296224_114320642569434_5400561971856670720_n.jpg,71,0
https://www.instagram.com/nappypants.co,https://scontent-nrt1-1.cdninstagram.com/t51.2885-15/e35/21373573_131584230796880_4501291748168826880_n.jpg,70,6
https://www.instagram.com/howeandzo,https://scontent-nrt1-1.cdninstagram.com/t51.2885-15/e35/21371686_343324299450523_2877906724323328000_n.jpg,76,3
https://www.instagram.com/amarleykennedy,https://scontent-nrt1-1.cdninstagram.com/t51.2885-15/e35/21296964_339078063219559_4737108392139554816_n.jpg,38,0
https://www.instagram.com/samvdk,https://scontent-nrt1-1.cdninstagram.com/t51.2885-15/e35/21372587_1756679354631765_5773645847916969984_n.jpg,62,1
https://www.instagram.com/ulycurry,https://scontent-nrt1-1.cdninstagram.com/t51.2885-15/e35/21372376_1930892983826998_4190459226880999424_n.jpg,70,3
https://www.instagram.com/http.woman_pride,https://scontent-nrt1-1.cdninstagram.com/t51.2885-15/e35/21371749_335086643605865_4881294030563966976_n.jpg,69,0
https://www.instagram.com/c_japhotography,https://scontent-nrt1-1.cdninstagram.com/t51.2885-15/e35/21372128_1986893324881577_5808659293192323072_n.jpg,39,2
https://www.instagram.com/http.woman_pride,https://scontent-nrt1-1.cdninstagram.com/t51.2885-15/e35/21373336_115167549157382_2860119301950537728_n.jpg,52,2
https://www.instagram.com/blaze2k2,https://scontent-nrt1-1.cdninstagram.com/t51.2885-15/e35/21295213_167180177192060_5909839162088882176_n.jpg,28,0
https://www.instagram.com/slikic,https://scontent-nrt1-1.cdninstagram.com/t51.2885-15/e35/21227542_112811292790372_8977118570815160320_n.jpg,86,0
https://www.instagram.com/lordjdavis,https://scontent-nrt1-1.cdninstagram.com/t51.2885-15/e35/21295194_264379560738253_2660628507821867008_n.jpg,120,2
https://www.instagram.com/la___catarina,https://scontent-nrt1-1.cdninstagram.com/t51.2885-15/e35/21227518_479373122433787_175929295032549376_n.jpg,237,2
https://www.instagram.com/saschaandtheworld,https://scontent-nrt1-1.cdninstagram.com/t51.2885-15/e35/21296242_158810054699130_6891947824468983808_n.jpg,26,1
https://www.instagram.com/joscurtainsandblinds,https://scontent-nrt1-1.cdninstagram.com/t51.2885-15/e35/21227874_282320618918028_7310745361037918208_n.jpg,51,4
https://www.instagram.com/luxury.travel.fashionn,https://scontent-nrt1-1.cdninstagram.com/t51.2885-15/e35/21294698_1405608542891456_1161441426936954880_n.jpg,11,0
https://www.instagram.com/borealexa,https://scontent-nrt1-1.cdninstagram.com/t51.2885-15/e35/21294725_1426823164019693_5442401395770654720_n.jpg,40,2
https://www.instagram.com/dearemilycaulfield,https://scontent-nrt1-1.cdninstagram.com/t51.2885-15/e35/21372363_1002882279854487_658066281978658816_n.jpg,105,4
https://www.instagram.com/lordjdavis,https://scontent-nrt1-1.cdninstagram.com/t51.2885-15/e35/21227340_712575435609434_6863280725949415424_n.jpg,117,3
https://www.instagram.com/helenrosemahony,https://scontent-nrt1-1.cdninstagram.com/t51.2885-15/e35/21227807_890864484401850_2706398698690052096_n.jpg,10,0
https://www.instagram.com/maxkuehne,https://scontent-nrt1-1.cdninstagram.com/t51.2885-15/e35/21294585_993419864134105_6742401645952368640_n.jpg,30,0
https://www.instagram.com/anam_67,https://scontent-nrt1-1.cdninstagram.com/t51.2885-15/e35/21294317_117398932227411_745029074686050304_n.jpg,66,5
https://www.instagram.com/la___catarina,https://scontent-nrt1-1.cdninstagram.com/t51.2885-15/e15/21294738_1878196409163637_4969268893659955200_n.jpg,152,4
https://www.instagram.com/tszlachcic,https://scontent-nrt1-1.cdninstagram.com/t51.2885-15/e35/21224779_1888459224502970_5629172846115684352_n.jpg,61,0
https://www.instagram.com/andry14flagman14andry,https://scontent-nrt1-1.cdninstagram.com/t51.2885-15/e35/21296503_171610276739634_3269988799806963712_n.jpg,6,0
https://www.instagram.com/grimography,https://scontent-nrt1-1.cdninstagram.com/t51.2885-15/e35/21224106_1600086796731809_1074198744095784960_n.jpg,36,0
https://www.instagram.com/adithyarajesh05,https://scontent-nrt1-1.cdninstagram.com/t51.2885-15/e35/21224166_244150722773856_5859969012619804672_n.jpg,10,0
https://www.instagram.com/tananao,https://scontent-nrt1-1.cdninstagram.com/t51.2885-15/e35/21294597_1841828806108127_6482104706301689856_n.jpg,83,1
https://www.instagram.com/nappypants.co,https://scontent-nrt1-1.cdninstagram.com/t51.2885-15/e35/21224898_1609778295720006_5557087867366277120_n.jpg,156,6
https://www.instagram.com/blaze2k2,https://scontent-nrt1-1.cdninstagram.com/t51.2885-15/e35/21224408_2012898562272151_4454239634116837376_n.jpg,42,0
https://www.instagram.com/matthew.clements,https://scontent-nrt1-1.cdninstagram.com/t51.2885-15/e35/21296899_148544699070943_8998632512972390400_n.jpg,12,1
https://www.instagram.com/griies,https://scontent-nrt1-1.cdninstagram.com/t51.2885-15/e35/21224745_1131822570286235_3798912093869047808_n.jpg,49,0
https://www.instagram.com/tommy0403,https://scontent-nrt1-1.cdninstagram.com/t51.2885-15/e35/21294569_299530673857944_7850803087231942656_n.jpg,62,3
https://www.instagram.com/weerascals,https://scontent-nrt1-1.cdninstagram.com/t51.2885-15/e35/21294304_1076399602496609_6678962943175950336_n.jpg,106,20
https://www.instagram.com/http.woman_pride,https://scontent-nrt1-1.cdninstagram.com/t51.2885-15/e35/21224053_115040262527763_4949548220607889408_n.jpg,66,0
