user,url,likes,comments,l/f,followers
https://www.instagram.com/best_worldplaces,https://scontent-nrt1-1.cdninstagram.com/t51.2885-15/e35/21435611_1902913786640570_6584929453183336448_n.jpg,9211,129,0.083498772,110313
https://www.instagram.com/arquero100,https://scontent-nrt1-1.cdninstagram.com/t51.2885-15/e35/21372884_276251946193022_2259601553058955264_n.jpg,3581,22,0.218100981,16419
https://www.instagram.com/disilvestr0,https://scontent-nrt1-1.cdninstagram.com/t51.2885-15/e35/21480548_361604350936446_1742391704259919872_n.jpg,1058,15,0.07392398,14312
https://www.instagram.com/ph.showcase,https://scontent-nrt1-1.cdninstagram.com/t51.2885-15/e35/21433359_260994437754676_3352970939515011072_n.jpg,2129,80,0.211609184,10061
https://www.instagram.com/letsseeplaces,https://scontent-nrt1-1.cdninstagram.com/t51.2885-15/e35/21435650_134818050468870_4034082968031985664_n.jpg,2280,17,0.078417885,29075
https://www.instagram.com/bygulyn,https://scontent-nrt1-1.cdninstagram.com/t51.2885-15/e35/21479729_474564089583850_6505704413426876416_n.jpg,621,0,0.031015883,20022
https://www.instagram.com/natuerlichanna,https://scontent-nrt1-1.cdninstagram.com/t51.2885-15/e35/21435882_1542527139119058_3531420564306526208_n.jpg,1523,55,0.0431054,35332
https://www.instagram.com/elenacanostyle,https://scontent-nrt1-1.cdninstagram.com/t51.2885-15/e35/21435776_278404505990601_3681825006137901056_n.jpg,4312,40,0.013404626,321680
https://www.instagram.com/lauelastica,https://scontent-nrt1-1.cdninstagram.com/t51.2885-15/e15/21373630_1799317697026413_7503543505197727744_n.jpg,388,7,0.116237268,3338
https://www.instagram.com/vassiac,https://scontent-nrt1-1.cdninstagram.com/t51.2885-15/e35/21435631_349325752191941_8278090296676319232_n.jpg,0,0,0,773
https://www.instagram.com/nina_zhdanova77,https://scontent-nrt1-1.cdninstagram.com/t51.2885-15/e35/21436180_171711716726607_4895394373836996608_n.jpg,5,0,0.067567568,74
https://www.instagram.com/okinawa_okinawa_k0515,https://scontent-nrt1-1.cdninstagram.com/t51.2885-15/e35/21435970_1929665380633435_3851656847769468928_n.jpg,7,0,0.013539652,517
https://www.instagram.com/peri_love_yourlive,https://scontent-nrt1-1.cdninstagram.com/t51.2885-15/s1080x1080/e15/fr/21435461_1739697262997989_3663129507419652096_n.jpg,1,0,0.037037037,27
https://www.instagram.com/ritaleica,https://scontent-nrt1-1.cdninstagram.com/t51.2885-15/e35/21296959_1937167043224912_5839781618356584448_n.jpg,15,0,0.016322089,919
https://www.instagram.com/rebecca_irving_,https://scontent-nrt1-1.cdninstagram.com/t51.2885-15/e35/21436030_170517536831058_5355300000173654016_n.jpg,4,0,0.021390374,187
https://www.instagram.com/jennijakobsson,https://scontent-nrt1-1.cdninstagram.com/t51.2885-15/e35/21480135_173008723269653_6780334831470379008_n.jpg,3,1,0.010869565,276
https://www.instagram.com/portena_magie,https://scontent-nrt1-1.cdninstagram.com/t51.2885-15/e35/21436311_299988037137351_2777293765340037120_n.jpg,8,0,0.112676056,71
https://www.instagram.com/soumyadeepsengupta,https://scontent-nrt1-1.cdninstagram.com/t51.2885-15/e35/21479727_116046889067474_2291110438164758528_n.jpg,4,0,0.011940299,335
https://www.instagram.com/scuba_photography_dave,https://scontent-nrt1-1.cdninstagram.com/t51.2885-15/e35/21435902_119658295315783_2067596813912768512_n.jpg,7,0,0.025547445,274
https://www.instagram.com/mldupon,https://scontent-nrt1-1.cdninstagram.com/t51.2885-15/e35/21434220_837379179772885_6975815139756867584_n.jpg,6,0,0.025423729,236
https://www.instagram.com/hanz.couture_arts,https://scontent-nrt1-1.cdninstagram.com/t51.2885-15/e35/21434125_279827615838820_6113360856039292928_n.jpg,3,0,0.019354839,155
https://www.instagram.com/soumyadeepsengupta,https://scontent-nrt1-1.cdninstagram.com/t51.2885-15/e35/21480187_1984683155136668_1264386591816679424_n.jpg,6,0,0.017910448,335
https://www.instagram.com/ivana.angel011,https://scontent-nrt1-1.cdninstagram.com/t51.2885-15/e35/21568673_140298656578290_4288525820013576192_n.jpg,4,0,0.020408163,196
https://www.instagram.com/9_anastaysha_6,https://scontent-nrt1-1.cdninstagram.com/t51.2885-15/e35/21576489_474745736226017_9163191281520738304_n.jpg,13,0,0.021523179,604
https://www.instagram.com/i.am_lj,https://scontent-nrt1-1.cdninstagram.com/t51.2885-15/e35/21435829_146245529306519_4461114961929699328_n.jpg,6,2,0.015831135,379
https://www.instagram.com/scuba_photography_dave,https://scontent-nrt1-1.cdninstagram.com/t51.2885-15/e35/21479995_1910112925917523_3470800463882878976_n.jpg,5,1,0.018248175,274
https://www.instagram.com/dobro_julia,https://scontent-nrt1-1.cdninstagram.com/t51.2885-15/e35/21435733_1961740677372992_5414089624190451712_n.jpg,11,0,0.010436433,1054
https://www.instagram.com/sorgi_luca,https://scontent-nrt1-1.cdninstagram.com/t51.2885-15/e35/21569223_214405529095653_5424474567349370880_n.jpg,18,1,0.033149171,543
https://www.instagram.com/racco1122,https://scontent-nrt1-1.cdninstagram.com/t51.2885-15/e35/21433511_858787954289372_7298767616372375552_n.jpg,25,0,0.040192926,622
https://www.instagram.com/hasby_xc,https://scontent-nrt1-1.cdninstagram.com/t51.2885-15/e35/21433620_116099015723405_6576037028339646464_n.jpg,7,4,0.031390135,223
https://www.instagram.com/scuba_photography_dave,https://scontent-nrt1-1.cdninstagram.com/t51.2885-15/e35/21433762_125023754900013_1516594982767558656_n.jpg,13,0,0.047445255,274
https://www.instagram.com/americangirlnitaly,https://scontent-nrt1-1.cdninstagram.com/t51.2885-15/e15/21479821_117350358937134_3393443850864295936_n.jpg,4,1,0.016260163,246
https://www.instagram.com/svetik_sb,https://scontent-nrt1-1.cdninstagram.com/t51.2885-15/e35/21435410_2059331667425629_1447490363429224448_n.jpg,9,0,0.016216216,555
https://www.instagram.com/maus_auf_reisen,https://scontent-nrt1-1.cdninstagram.com/t51.2885-15/e35/21433527_1153367818097224_8055529588228358144_n.jpg,26,1,0.022146508,1174
https://www.instagram.com/zarchar96,https://scontent-nrt1-1.cdninstagram.com/t51.2885-15/e35/21435632_203420566863054_8176311975626670080_n.jpg,15,0,0.037220844,403
https://www.instagram.com/valeriegalkina,https://scontent-nrt1-1.cdninstagram.com/t51.2885-15/e35/21480363_1503815413045231_8095514582702882816_n.jpg,28,0,0.033898305,826
https://www.instagram.com/scuba_photography_dave,https://scontent-nrt1-1.cdninstagram.com/t51.2885-15/e35/21479930_116129412429221_1326512902911295488_n.jpg,9,0,0.032846715,274
https://www.instagram.com/lauradedenroth,https://scontent-nrt1-1.cdninstagram.com/t51.2885-15/e15/21480317_124225061564032_8043855403261362176_n.jpg,18,0,0.13740458,131
https://www.instagram.com/internatgeo,https://scontent-nrt1-1.cdninstagram.com/t51.2885-15/e35/21479752_911373505678167_4206610322548588544_n.jpg,31,1,0.055855856,555
https://www.instagram.com/wijdanemazhar,https://scontent-nrt1-1.cdninstagram.com/t51.2885-15/e35/21576581_1944257642480547_2315897776761733120_n.jpg,6,0,0.018292683,328
https://www.instagram.com/lucian.ivan,https://scontent-nrt1-1.cdninstagram.com/t51.2885-15/e35/21433710_269391473565349_303248940482953216_n.jpg,51,1,0.093577982,545
https://www.instagram.com/zhihao39,https://scontent-nrt1-1.cdninstagram.com/t51.2885-15/e35/21435334_149696728953382_8819468987306868736_n.jpg,11,1,0.03125,352
https://www.instagram.com/nurakura,https://scontent-nrt1-1.cdninstagram.com/t51.2885-15/e35/21434092_599691637086232_7999876870885605376_n.jpg,9,1,0.006241331,1442
https://www.instagram.com/officialbyronrozul,https://scontent-nrt1-1.cdninstagram.com/t51.2885-15/e35/21435373_183884878821724_6075692781672595456_n.jpg,37,0,0.026241135,1410
https://www.instagram.com/suzukibari,https://scontent-nrt1-1.cdninstagram.com/t51.2885-15/e35/21435911_126853201297883_1854012050242535424_n.jpg,15,3,0.060728745,247
https://www.instagram.com/oksn10,https://scontent-nrt1-1.cdninstagram.com/t51.2885-15/e35/21480120_1935532023369464_2657853318998523904_n.jpg,3,0,0.5,6
https://www.instagram.com/evertonmac1982,https://scontent-nrt1-1.cdninstagram.com/t51.2885-15/e35/21436304_217630935434885_7344143078271221760_n.jpg,16,0,0.037914692,422
https://www.instagram.com/anna_smolyaga,https://scontent-nrt1-1.cdninstagram.com/t51.2885-15/e35/21434009_147158469213734_3037022918904119296_n.jpg,34,0,0.054487179,624
https://www.instagram.com/loves_united_ancona,https://scontent-nrt1-1.cdninstagram.com/t51.2885-15/e35/21433291_115416152510563_4323536443495415808_n.jpg,27,4,0.057446809,470
https://www.instagram.com/toooong,https://scontent-nrt1-1.cdninstagram.com/t51.2885-15/e35/21434091_116075029111909_4682689846534209536_n.jpg,17,2,0.030088496,565
https://www.instagram.com/olgunzeynep,https://scontent-nrt1-1.cdninstagram.com/t51.2885-15/e35/21480295_116725032344406_32442486441902080_n.jpg,29,0,0.042709867,679
https://www.instagram.com/vungocthaonhi,https://scontent-nrt1-1.cdninstagram.com/t51.2885-15/e35/21568691_408583299540034_1804415335571390464_n.jpg,74,1,0.011995461,6169
https://www.instagram.com/silvanapabonartist,https://scontent-nrt1-1.cdninstagram.com/t51.2885-15/e35/21435879_120261441968120_3680795395102867456_n.jpg,10,0,0.00617284,1620
https://www.instagram.com/antoniocurbe,https://scontent-nrt1-1.cdninstagram.com/t51.2885-15/e35/21436029_225846384612417_4021423457437745152_n.jpg,31,0,0.213793103,145
https://www.instagram.com/pic_of_my_discovery,https://scontent-nrt1-1.cdninstagram.com/t51.2885-15/e15/21568935_1491445197639133_647543371585290240_n.jpg,5,0,0.034013605,147
https://www.instagram.com/scuba_photography_dave,https://scontent-nrt1-1.cdninstagram.com/t51.2885-15/e35/21479691_269559236871761_4529429805501775872_n.jpg,20,0,0.072992701,274
https://www.instagram.com/elixir_rx,https://scontent-nrt1-1.cdninstagram.com/t51.2885-15/e35/21568569_479359915760839_4108822936649990144_n.jpg,9,1,0.032727273,275
https://www.instagram.com/iman.valena,https://scontent-nrt1-1.cdninstagram.com/t51.2885-15/e35/21435334_1278693852240404_4214422567412301824_n.jpg,28,1,0.034271726,817
https://www.instagram.com/indimate_,https://scontent-nrt1-1.cdninstagram.com/t51.2885-15/e35/21436199_116358885703832_8626348437132017664_n.jpg,44,0,0.092243187,477
https://www.instagram.com/naked_in_greece,https://scontent-nrt1-1.cdninstagram.com/t51.2885-15/e35/21373811_1117277595071347_7334122644691746816_n.jpg,6,0,0.113207547,53
https://www.instagram.com/kimchangchun,https://scontent-nrt1-1.cdninstagram.com/t51.2885-15/e35/21435629_133678517254359_529865008591405056_n.jpg,6,1,0.006810443,881
https://www.instagram.com/feiybikandouw,https://scontent-nrt1-1.cdninstagram.com/t51.2885-15/e35/21435450_194737117733959_2337144129571520512_n.jpg,16,0,0.020330368,787
https://www.instagram.com/instaluluuu,https://scontent-nrt1-1.cdninstagram.com/t51.2885-15/e35/21436102_1722453587767152_4269318172215083008_n.jpg,19,0,0.087962963,216
https://www.instagram.com/__kzmkzmtnc__,https://scontent-nrt1-1.cdninstagram.com/t51.2885-15/e15/21569055_416717098730197_495786204034236416_n.jpg,16,0,0.024169184,662
https://www.instagram.com/mallorcafeelings,https://scontent-nrt1-1.cdninstagram.com/t51.2885-15/e35/21436270_380802465668890_2399483058727157760_n.jpg,35,1,0.014403292,2430
https://www.instagram.com/yoga.onandon,https://scontent-nrt1-1.cdninstagram.com/t51.2885-15/e35/21373724_137798380170417_6829126604845744128_n.jpg,11,2,0.056701031,194
https://www.instagram.com/anildacarrasquillo,https://scontent-nrt1-1.cdninstagram.com/t51.2885-15/e35/21373801_1730237127017338_7375558539248402432_n.jpg,2,0,#DIV/0!,0
https://www.instagram.com/efso_laflar,https://scontent-nrt1-1.cdninstagram.com/t51.2885-15/e35/21435695_1972747779627142_6366377229122797568_n.jpg,18,1,0.236842105,76
https://www.instagram.com/scuba_photography_dave,https://scontent-nrt1-1.cdninstagram.com/t51.2885-15/e35/21480253_307987789674996_39078674770690048_n.jpg,19,0,0.069343066,274
https://www.instagram.com/anja.hauptman,https://scontent-nrt1-1.cdninstagram.com/t51.2885-15/e35/21479933_508135442872439_314032688535175168_n.jpg,1,0,0.016949153,59
https://www.instagram.com/mylife_bel,https://scontent-nrt1-1.cdninstagram.com/t51.2885-15/e35/21479964_114828049200516_4120518106827194368_n.jpg,11,1,0.224489796,49
https://www.instagram.com/ta.dits,https://scontent-nrt1-1.cdninstagram.com/t51.2885-15/e35/21436235_346476209109845_7325374294526001152_n.jpg,24,0,0.02027027,1184
https://www.instagram.com/mylife_bel,https://scontent-nrt1-1.cdninstagram.com/t51.2885-15/e35/21569047_130248280950183_5890328229469749248_n.jpg,9,0,0.183673469,49
https://www.instagram.com/scuba_photography_dave,https://scontent-nrt1-1.cdninstagram.com/t51.2885-15/e35/21372161_1886467085000340_6929232641723990016_n.jpg,21,1,0.076642336,274
https://www.instagram.com/ai_obu,https://scontent-nrt1-1.cdninstagram.com/t51.2885-15/e15/21479932_273606783135727_2083708198312738816_n.jpg,42,1,0.076923077,546
https://www.instagram.com/federicomura88,https://scontent-nrt1-1.cdninstagram.com/t51.2885-15/e35/21373731_346595842452683_8571597993633906688_n.jpg,55,1,0.053191489,1034
https://www.instagram.com/sree_vardhanan,https://scontent-nrt1-1.cdninstagram.com/t51.2885-15/e35/21433583_249357542252267_5274326754108899328_n.jpg,19,0,0.020148462,943
https://www.instagram.com/mochimirai,https://scontent-nrt1-1.cdninstagram.com/t51.2885-15/e35/21435770_124574811525883_1354440425242361856_n.jpg,12,0,0.021052632,570
https://www.instagram.com/ghosh_sudi,https://scontent-nrt1-1.cdninstagram.com/t51.2885-15/e35/21436151_893935284078433_5099749647925116928_n.jpg,19,0,0.065292096,291
https://www.instagram.com/herdianahs,https://scontent-nrt1-1.cdninstagram.com/t51.2885-15/e35/21435397_1453237468099512_1950858718044225536_n.jpg,118,6,0.007070525,16689
https://www.instagram.com/naksili,https://scontent-nrt1-1.cdninstagram.com/t51.2885-15/e35/21435964_511433025873182_8732042694613794816_n.jpg,19,0,0.040860215,465
https://www.instagram.com/inspirewellnesscoaching,https://scontent-nrt1-1.cdninstagram.com/t51.2885-15/e35/21435698_1376415505808542_8560137809707401216_n.jpg,17,1,0.039719626,428
https://www.instagram.com/theresas__,https://scontent-nrt1-1.cdninstagram.com/t51.2885-15/e35/21568951_1288217534623212_4951079226125058048_n.jpg,62,1,0.04595997,1349
https://www.instagram.com/ekambingtangguh,https://scontent-nrt1-1.cdninstagram.com/t51.2885-15/e35/21479665_846017825564472_2890012587863310336_n.jpg,39,0,0.142335766,274
https://www.instagram.com/steveazt,https://scontent-nrt1-1.cdninstagram.com/t51.2885-15/e35/21568750_293210071161337_6062349310421368832_n.jpg,14,1,0.001837029,7621
https://www.instagram.com/msm.myzk,https://scontent-nrt1-1.cdninstagram.com/t51.2885-15/e35/21436195_1599644123399184_7558546896499769344_n.jpg,40,0,0.37037037,108
https://www.instagram.com/krisztas90,https://scontent-nrt1-1.cdninstagram.com/t51.2885-15/e35/21435708_1884950031755060_6373591764862763008_n.jpg,15,1,0.063559322,236
https://www.instagram.com/clapi_clapo,https://scontent-nrt1-1.cdninstagram.com/t51.2885-15/e35/21433539_477017126001503_7440867365274779648_n.jpg,15,0,0.00315989,4747
https://www.instagram.com/curio.design,https://scontent-nrt1-1.cdninstagram.com/t51.2885-15/e35/21433616_127281794585065_7706439413823176704_n.jpg,5,0,0.034482759,145
https://www.instagram.com/spmoriarty,https://scontent-nrt1-1.cdninstagram.com/t51.2885-15/e35/21435427_867305893434995_9186761366256484352_n.jpg,10,0,0.048309179,207
https://www.instagram.com/jamaluddinirma,https://scontent-nrt1-1.cdninstagram.com/t51.2885-15/e35/21479729_358334851268310_7084137388942819328_n.jpg,2,0,0.001811594,1104
https://www.instagram.com/jossspears,https://scontent-nrt1-1.cdninstagram.com/t51.2885-15/e35/21568747_146385269292868_2309803819464130560_n.jpg,7,0,0.020833333,336
https://www.instagram.com/zuzannavazquez,https://scontent-nrt1-1.cdninstagram.com/t51.2885-15/e35/21435851_1920149474893795_2992563036658597888_n.jpg,28,1,0.062921348,445
https://www.instagram.com/danvay,https://scontent-nrt1-1.cdninstagram.com/t51.2885-15/e35/21433463_1678079562225207_533665861374836736_n.jpg,190,6,0.095477387,1990
https://www.instagram.com/scuba_photography_dave,https://scontent-nrt1-1.cdninstagram.com/t51.2885-15/e35/21433452_157262204856455_8685533554622332928_n.jpg,25,0,0.091240876,274
https://www.instagram.com/hiedestravelpics,https://scontent-nrt1-1.cdninstagram.com/t51.2885-15/e35/21479729_111062982968496_4008822869499838464_n.jpg,12,0,0.071005917,169
https://www.instagram.com/edith.sachs,https://scontent-nrt1-1.cdninstagram.com/t51.2885-15/e35/21436145_148685105723021_7259542023655391232_n.jpg,5,0,0.092592593,54
https://www.instagram.com/jejugranma,https://scontent-nrt1-1.cdninstagram.com/t51.2885-15/e15/21576475_487778884922882_1107587579336720384_n.jpg,21,0,0.026992288,778
https://www.instagram.com/detailmagie,https://scontent-nrt1-1.cdninstagram.com/t51.2885-15/e35/21568735_142518349686673_8598961603938877440_n.jpg,16,1,0.219178082,73
https://www.instagram.com/life_is_fun0,https://scontent-nrt1-1.cdninstagram.com/t51.2885-15/e35/21373753_1811655102390325_8875439265941553152_n.jpg,22,0,0.110552764,199
https://www.instagram.com/xandru_p,https://scontent-nrt1-1.cdninstagram.com/t51.2885-15/e35/21433336_167988980430602_6995053457916821504_n.jpg,23,1,0.166666667,138
https://www.instagram.com/inantqh,https://scontent-nrt1-1.cdninstagram.com/t51.2885-15/e35/21433624_1857123537637611_7001465693765894144_n.jpg,49,4,0.038522013,1272
https://www.instagram.com/mr.morris.thesanchaya,https://scontent-nrt1-1.cdninstagram.com/t51.2885-15/e35/21433538_2005815533036059_6784226398258069504_n.jpg,14,0,0.004739336,2954
https://www.instagram.com/cristinagabrielap,https://scontent-nrt1-1.cdninstagram.com/t51.2885-15/e35/21480562_408640236205008_1040746734180892672_n.jpg,25,0,0.057603687,434
https://www.instagram.com/behnnaamm,https://scontent-nrt1-1.cdninstagram.com/t51.2885-15/e35/21568688_1998130427114035_4112729209405702144_n.jpg,352,5,0.082493555,4267
https://www.instagram.com/omutaco,https://scontent-nrt1-1.cdninstagram.com/t51.2885-15/e35/21435790_327170767695247_2013358227437125632_n.jpg,22,0,0.08365019,263
https://www.instagram.com/blue_ridex,https://scontent-nrt1-1.cdninstagram.com/t51.2885-15/e35/21433432_1546054982082061_8645284381004398592_n.jpg,41,0,0.359649123,114
https://www.instagram.com/vonney.v,https://scontent-nrt1-1.cdninstagram.com/t51.2885-15/e35/21436081_156943104887747_6232465225484861440_n.jpg,93,0,0.062248996,1494
https://www.instagram.com/chachaqueen_dewi,https://scontent-nrt1-1.cdninstagram.com/t51.2885-15/e35/21479833_1138008942967038_1614506879768068096_n.jpg,20,2,0.015163002,1319
https://www.instagram.com/fralicy,https://scontent-nrt1-1.cdninstagram.com/t51.2885-15/e35/21436179_121967748527820_8415395869938941952_n.jpg,22,1,0.078853047,279
https://www.instagram.com/sweetbeadart,https://scontent-nrt1-1.cdninstagram.com/t51.2885-15/e35/21373629_357919617977052_3556625906300616704_n.jpg,12,0,0.105263158,114
https://www.instagram.com/hazel_morley,https://scontent-nrt1-1.cdninstagram.com/t51.2885-15/e35/21568907_1936272963257207_6495787355415248896_n.jpg,32,4,0.043184885,741
https://www.instagram.com/ahh_lamm,https://scontent-nrt1-1.cdninstagram.com/t51.2885-15/e35/21435595_436785373385512_1070850915872800768_n.jpg,8,0,0.02919708,274
https://www.instagram.com/grimakos,https://scontent-nrt1-1.cdninstagram.com/t51.2885-15/e35/21433691_347681215675278_3437668141268729856_n.jpg,52,4,0.044982699,1156
https://www.instagram.com/mallymoon9,https://scontent-nrt1-1.cdninstagram.com/t51.2885-15/e35/21480445_926214127531883_5100097033469952000_n.jpg,5,0,0.023696682,211
https://www.instagram.com/nekubay,https://scontent-nrt1-1.cdninstagram.com/t51.2885-15/e35/21433680_1595705450482218_2065431351531667456_n.jpg,18,5,0.25,72
https://www.instagram.com/kowkakpf,https://scontent-nrt1-1.cdninstagram.com/t51.2885-15/e35/21434158_840407792789489_6712075182523023360_n.jpg,12,2,0.019261637,623
https://www.instagram.com/mlarsson_,https://scontent-nrt1-1.cdninstagram.com/t51.2885-15/e35/21435340_1470658823026833_5603227751839432704_n.jpg,14,0,0.093333333,150
https://www.instagram.com/ilaidva,https://scontent-nrt1-1.cdninstagram.com/t51.2885-15/e35/21433805_1933738326893895_9054513993158230016_n.jpg,8,0,0.027777778,288
https://www.instagram.com/ar_ora.niharika,https://scontent-nrt1-1.cdninstagram.com/t51.2885-15/e35/21433724_1092061324229512_2574459807322865664_n.jpg,175,7,0.06414956,2728
https://www.instagram.com/tranthanhanhnguyet,https://scontent-nrt1-1.cdninstagram.com/t51.2885-15/e35/21435484_778911108958114_2728429170794168320_n.jpg,5,0,0.25,20
https://www.instagram.com/luong_tuong_vi,https://scontent-nrt1-1.cdninstagram.com/t51.2885-15/e35/21433888_837281636434534_6750207340990955520_n.jpg,4,0,0.026666667,150
https://www.instagram.com/l_intemperee,https://scontent-nrt1-1.cdninstagram.com/t51.2885-15/e35/21433705_343515209405854_1997465143339909120_n.jpg,23,0,0.074433657,309
https://www.instagram.com/hunting_for_beauty,https://scontent-nrt1-1.cdninstagram.com/t51.2885-15/e35/21433465_1502316479836349_3781985842503876608_n.jpg,25,0,0.055928412,447
https://www.instagram.com/adrianamoreno97,https://scontent-nrt1-1.cdninstagram.com/t51.2885-15/e35/21433661_299310550548616_1767982133021769728_n.jpg,18,0,0.202247191,89
https://www.instagram.com/dion_stanly,https://scontent-nrt1-1.cdninstagram.com/t51.2885-15/e35/21479904_470252156706964_6731253512874754048_n.jpg,43,2,0.069918699,615
https://www.instagram.com/dion_stanly,https://scontent-nrt1-1.cdninstagram.com/t51.2885-15/e35/21373715_748896708628204_2003861736918089728_n.jpg,37,0,0.060162602,615
https://www.instagram.com/d_hammadsu,https://scontent-nrt1-1.cdninstagram.com/t51.2885-15/e35/21433784_491205834588084_6939705077661696_n.jpg,33,1,0.134693878,245
https://www.instagram.com/kika.ce,https://scontent-nrt1-1.cdninstagram.com/t51.2885-15/e35/21433394_374672396286939_1362907008373620736_n.jpg,9,1,0.045454545,198
https://www.instagram.com/al3x_s3h,https://scontent-nrt1-1.cdninstagram.com/t51.2885-15/e35/21433990_144088816193553_1424914696766488576_n.jpg,18,0,3,6
https://www.instagram.com/juliebrunswick,https://scontent-nrt1-1.cdninstagram.com/t51.2885-15/e35/21433554_495253710867147_5426531272568602624_n.jpg,33,0,0.158653846,208
https://www.instagram.com/dion_stanly,https://scontent-nrt1-1.cdninstagram.com/t51.2885-15/e35/21434087_1720349251603279_6896251227080753152_n.jpg,54,0,0.087804878,615
https://www.instagram.com/yama_._pi,https://scontent-nrt1-1.cdninstagram.com/t51.2885-15/e35/21434108_710474012483415_7693056690865831936_n.jpg,61,3,0.037286064,1636
https://www.instagram.com/valvaaniaresinart,https://scontent-nrt1-1.cdninstagram.com/t51.2885-15/e35/21373758_686173671580134_2671783027515850752_n.jpg,38,1,0.019874477,1912
https://www.instagram.com/valvaaniaresinart,https://scontent-nrt1-1.cdninstagram.com/t51.2885-15/e35/21436203_129227747721537_5820096937130459136_n.jpg,32,1,0.016736402,1912
https://www.instagram.com/sprague.photography,https://scontent-nrt1-1.cdninstagram.com/t51.2885-15/e35/21480191_354744681613995_5242669379098771456_n.jpg,3,0,0.1875,16
https://www.instagram.com/ahuurah,https://scontent-nrt1-1.cdninstagram.com/t51.2885-15/e35/21479812_247926415729935_8037028372355743744_n.jpg,10,0,0.067567568,148
https://www.instagram.com/jonaonthego,https://scontent-nrt1-1.cdninstagram.com/t51.2885-15/e35/21434054_1421666241280488_8307584339609124864_n.jpg,17,5,0.326923077,52
https://www.instagram.com/marcos_quroz,https://scontent-nrt1-1.cdninstagram.com/t51.2885-15/e35/21568962_116619602372768_3035904895967297536_n.jpg,18,0,0.033333333,540
https://www.instagram.com/lucky_4you,https://scontent-nrt1-1.cdninstagram.com/t51.2885-15/e35/21373692_126451128004047_3312541866896916480_n.jpg,8,0,0.047337278,169
https://www.instagram.com/s_hazrina,https://scontent-nrt1-1.cdninstagram.com/t51.2885-15/e35/21480352_1655031254528068_2280677932538003456_n.jpg,30,4,0.064102564,468
https://www.instagram.com/marnulife,https://scontent-nrt1-1.cdninstagram.com/t51.2885-15/e35/21479892_568432093281202_6249109662570905600_n.jpg,257,5,0.029121813,8825
https://www.instagram.com/iam_jihyuns,https://scontent-nrt1-1.cdninstagram.com/t51.2885-15/e35/21569303_471090276597483_1438332208958930944_n.jpg,42,3,0.094594595,444
https://www.instagram.com/_.sweet_dreams,https://scontent-nrt1-1.cdninstagram.com/t51.2885-15/e35/21435793_707905859402170_1141536486902988800_n.jpg,16,0,0.186046512,86
https://www.instagram.com/lukman_hakim2909,https://scontent-nrt1-1.cdninstagram.com/t51.2885-15/e35/21373484_921363764685513_5187902228177879040_n.jpg,70,10,0.024322446,2878
https://www.instagram.com/alexandra.hurevich,https://scontent-nrt1-1.cdninstagram.com/t51.2885-15/e15/21480376_802368056634326_8776772837676417024_n.jpg,54,1,0.084507042,639
https://www.instagram.com/shiny_do,https://scontent-nrt1-1.cdninstagram.com/t51.2885-15/e35/21435826_1993964137553794_5983307433840214016_n.jpg,25,1,0.16025641,156
https://www.instagram.com/tytyas5,https://scontent-nrt1-1.cdninstagram.com/t51.2885-15/e35/21433739_1447589202027437_7530214410292297728_n.jpg,31,2,0.027192982,1140
https://www.instagram.com/gettingmaldives,https://scontent-nrt1-1.cdninstagram.com/t51.2885-15/e35/21568590_339182499873469_5673855478250078208_n.jpg,17,1,0.071428571,238
https://www.instagram.com/kupferkaese,https://scontent-nrt1-1.cdninstagram.com/t51.2885-15/e35/21569312_1404706842981637_8541058087509819392_n.jpg,10,0,0.078740157,127
https://www.instagram.com/na_ko6528,https://scontent-nrt1-1.cdninstagram.com/t51.2885-15/e35/21435609_328519330943798_6659330746450182144_n.jpg,45,0,0.148026316,304
https://www.instagram.com/mitchiphone,https://scontent-nrt1-1.cdninstagram.com/t51.2885-15/e35/21434118_196586054215062_4692052720620666880_n.jpg,78,4,0.162839248,479
https://www.instagram.com/gotogili,https://scontent-nrt1-1.cdninstagram.com/t51.2885-15/e35/21479804_156122308304408_8674679420646064128_n.jpg,149,0,0.004903897,30384
https://www.instagram.com/janicemjohnston,https://scontent-nrt1-1.cdninstagram.com/t51.2885-15/e35/21436000_115579062465103_3326594291219824640_n.jpg,26,0,0.076246334,341
https://www.instagram.com/kiphu_chan,https://scontent-nrt1-1.cdninstagram.com/t51.2885-15/e35/21433915_201739423697183_8829430571244453888_n.jpg,3,0,0.014492754,207
https://www.instagram.com/_seewhyjaecyj,https://scontent-nrt1-1.cdninstagram.com/t51.2885-15/s1080x1080/e15/fr/21435730_114166949275678_4999271014044008448_n.jpg,3,0,0.030927835,97
https://www.instagram.com/jordanperla,https://scontent-nrt1-1.cdninstagram.com/t51.2885-15/e35/21433629_1425991120824418_8667438823044546560_n.jpg,14,1,0.025225225,555
https://www.instagram.com/kiphu_chan,https://scontent-nrt1-1.cdninstagram.com/t51.2885-15/e35/21435743_273149399756922_6473171440613982208_n.jpg,5,0,0.024154589,207
https://www.instagram.com/thepinkpineapple_01,https://scontent-nrt1-1.cdninstagram.com/t51.2885-15/e35/21433818_273457049814646_3034596283856715776_n.jpg,8,0,0.103896104,77
https://www.instagram.com/aurooooreee,https://scontent-nrt1-1.cdninstagram.com/t51.2885-15/e35/21435749_1973199602921939_5727030867046432768_n.jpg,4,0,0.027210884,147
https://www.instagram.com/lia.liung,https://scontent-nrt1-1.cdninstagram.com/t51.2885-15/e15/21433424_124383048295475_6633641524850589696_n.jpg,23,1,0.035168196,654
https://www.instagram.com/tmk1115pon,https://scontent-nrt1-1.cdninstagram.com/t51.2885-15/e35/21479852_606181776437617_3004142113869791232_n.jpg,42,0,0.152173913,276
https://www.instagram.com/yatiekamaruddin,https://scontent-nrt1-1.cdninstagram.com/t51.2885-15/e35/21480167_1882616758420728_5228555442254249984_n.jpg,14,0,0.041666667,336
https://www.instagram.com/aaron_sanarsy,https://scontent-nrt1-1.cdninstagram.com/t51.2885-15/e35/21479649_1932892890260230_9116265151744442368_n.jpg,33,1,0.055743243,592
https://www.instagram.com/choco.love,https://scontent-nrt1-1.cdninstagram.com/t51.2885-15/e35/21435639_115621345782332_5219093736675344384_n.jpg,33,1,0.75,44
https://www.instagram.com/choco.love,https://scontent-nrt1-1.cdninstagram.com/t51.2885-15/e35/21568859_359707791123121_4905665380103487488_n.jpg,25,1,0.568181818,44
https://www.instagram.com/mueza_cathouse,https://scontent-nrt1-1.cdninstagram.com/t51.2885-15/e35/21436218_116162002425759_4636715524460380160_n.jpg,49,3,0.067215364,729
https://www.instagram.com/madhushree_chakrabarty,https://scontent-nrt1-1.cdninstagram.com/t51.2885-15/e35/21435717_1902047826726304_1837585621401468928_n.jpg,38,4,0.060509554,628
https://www.instagram.com/victorfunghm,https://scontent-nrt1-1.cdninstagram.com/t51.2885-15/e35/21373753_115820849132834_4422983447706861568_n.jpg,15,1,0.137614679,109
https://www.instagram.com/bbonyomi,https://scontent-nrt1-1.cdninstagram.com/t51.2885-15/e35/21433694_1990381147874156_1309515672916590592_n.jpg,19,3,0.125,152
https://www.instagram.com/mie_sunshine,https://scontent-nrt1-1.cdninstagram.com/t51.2885-15/e35/21435410_1338211939611404_5627041292501385216_n.jpg,34,0,0.085642317,397
https://www.instagram.com/raph2910,https://scontent-nrt1-1.cdninstagram.com/t51.2885-15/e35/21436015_1538548866243880_3934648062743412736_n.jpg,42,0,0.025909932,1621
https://www.instagram.com/jejugranma,https://scontent-nrt1-1.cdninstagram.com/t51.2885-15/e35/21576365_893092340844199_9012901571150741504_n.jpg,31,0,0.039845758,778
https://www.instagram.com/okinawa_okinawa_k0515,https://scontent-nrt1-1.cdninstagram.com/t51.2885-15/e35/21435646_1521468534579942_1876472152220237824_n.jpg,127,0,0.245647969,517
https://www.instagram.com/mh_26_nanded_shoutout,https://scontent-nrt1-1.cdninstagram.com/t51.2885-15/e35/21569051_621649381556378_8238580755081461760_n.jpg,223,3,0.167041199,1335
https://www.instagram.com/dama_dslr80d,https://scontent-nrt1-1.cdninstagram.com/t51.2885-15/e35/21435576_330281667398548_3214427646871994368_n.jpg,72,0,0.303797468,237
https://www.instagram.com/emtann,https://scontent-nrt1-1.cdninstagram.com/t51.2885-15/e35/21434062_2049159418443747_3953214854176702464_n.jpg,67,1,0.082309582,814
https://www.instagram.com/dylanandty,https://scontent-nrt1-1.cdninstagram.com/t51.2885-15/e35/21480230_139314510010621_5752784448730955776_n.jpg,14,1,0.019746121,709
https://www.instagram.com/debyang0923,https://scontent-nrt1-1.cdninstagram.com/t51.2885-15/e35/21569152_1511180535594697_7401381768122597376_n.jpg,16,0,0.039800995,402
https://www.instagram.com/hiro__special,https://scontent-nrt1-1.cdninstagram.com/t51.2885-15/e35/21569335_928731293947182_4354571731147423744_n.jpg,112,0,0.157746479,710
https://www.instagram.com/adrianamoreno97,https://scontent-nrt1-1.cdninstagram.com/t51.2885-15/e35/21373780_1408628255922393_8218746437194743808_n.jpg,18,0,0.202247191,89
https://www.instagram.com/gotogili,https://scontent-nrt1-1.cdninstagram.com/t51.2885-15/e35/21435448_187871408422164_318392179124862976_n.jpg,205,3,0.006746972,30384
https://www.instagram.com/arini_fe,https://scontent-nrt1-1.cdninstagram.com/t51.2885-15/e35/21480184_576057392784702_821454890982178816_n.jpg,24,1,0.069565217,345
https://www.instagram.com/nadinburn,https://scontent-nrt1-1.cdninstagram.com/t51.2885-15/e35/21433874_1926653020940613_3233422474746003456_n.jpg,219,1,0.214705882,1020
https://www.instagram.com/stardustcasino,https://scontent-nrt1-1.cdninstagram.com/t51.2885-15/e35/21435553_1919598345032819_4119931684877500416_n.jpg,10,0,0.147058824,68
https://www.instagram.com/marycalt83,https://scontent-nrt1-1.cdninstagram.com/t51.2885-15/e35/21436298_123934644928801_7516961635865460736_n.jpg,18,0,0.03180212,566
https://www.instagram.com/beyond.the.border,https://scontent-nrt1-1.cdninstagram.com/t51.2885-15/e35/21435463_1651080361630839_8766685686074966016_n.jpg,66,1,0.226804124,291
https://www.instagram.com/yiesa,https://scontent-nrt1-1.cdninstagram.com/t51.2885-15/e35/21569237_274195263081656_3710751417602932736_n.jpg,31,1,0.027678571,1120
https://www.instagram.com/fionacwaugh,https://scontent-nrt1-1.cdninstagram.com/t51.2885-15/e35/21373821_517404235267192_8945264374633725952_n.jpg,18,2,0.09375,192
https://www.instagram.com/stan321cher,https://scontent-nrt1-1.cdninstagram.com/t51.2885-15/e35/21433833_686461674875676_5030101698043969536_n.jpg,10,0,0.058139535,172
https://www.instagram.com/arifnick_,https://scontent-nrt1-1.cdninstagram.com/t51.2885-15/e35/21479973_166386967271120_1074275662665089024_n.jpg,214,9,0.081992337,2610
https://www.instagram.com/yiesa,https://scontent-nrt1-1.cdninstagram.com/t51.2885-15/e35/21436200_1559785030752791_2238170572490014720_n.jpg,34,2,0.030357143,1120
https://www.instagram.com/travel0man,https://scontent-nrt1-1.cdninstagram.com/t51.2885-15/e35/21433671_891710617651595_2970914589010558976_n.jpg,23,0,0.534883721,43
https://www.instagram.com/bluesea.fty,https://scontent-nrt1-1.cdninstagram.com/t51.2885-15/e35/21480138_117860005601705_2594922839702241280_n.jpg,5,0,0.064935065,77
https://www.instagram.com/yiesa,https://scontent-nrt1-1.cdninstagram.com/t51.2885-15/e35/21435400_306476483159797_4593654818005843968_n.jpg,25,1,0.022321429,1120
https://www.instagram.com/nadiahlutffi17,https://scontent-nrt1-1.cdninstagram.com/t51.2885-15/e35/21436194_1729822977314416_3963611277783203840_n.jpg,4,0,0.028776978,139
https://www.instagram.com/our_beautiful_places,https://scontent-nrt1-1.cdninstagram.com/t51.2885-15/e35/21433941_1741693036124294_7167710511855828992_n.jpg,14,0,0.311111111,45
https://www.instagram.com/wolfmckillian,https://scontent-nrt1-1.cdninstagram.com/t51.2885-15/e35/21435381_1797572393821570_1230575818988584960_n.jpg,18,0,0.123287671,146
https://www.instagram.com/ansor_pulautunda,https://scontent-nrt1-1.cdninstagram.com/t51.2885-15/e35/21433548_1893408440979655_8673167081056763904_n.jpg,60,4,0.091603053,655
https://www.instagram.com/ishigaki_thetropical,https://scontent-nrt1-1.cdninstagram.com/t51.2885-15/e35/21435815_1468220399935310_6315709177809338368_n.jpg,61,1,0.150990099,404
https://www.instagram.com/royalcruisebahamas,https://scontent-nrt1-1.cdninstagram.com/t51.2885-15/e35/21434055_823193301189257_6826257755670577152_n.jpg,25,0,0.016254876,1538
https://www.instagram.com/ecodiversmalaysia,https://scontent-nrt1-1.cdninstagram.com/t51.2885-15/e35/21479708_1859049177744548_1622692799671435264_n.jpg,11,1,0.032069971,343
https://www.instagram.com/larva_zax,https://scontent-nrt1-1.cdninstagram.com/t51.2885-15/e35/21568531_770445383137453_2188419543938891776_n.jpg,11,0,0.077464789,142
https://www.instagram.com/boz_valen,https://scontent-nrt1-1.cdninstagram.com/t51.2885-15/e35/21373490_363400990759042_7412442262392537088_n.jpg,4,0,0.054054054,74
https://www.instagram.com/yessailskipper,https://scontent-nrt1-1.cdninstagram.com/t51.2885-15/e35/21436051_222674681598043_1707567774416502784_n.jpg,144,0,0.024008003,5998
https://www.instagram.com/liligora,https://scontent-nrt1-1.cdninstagram.com/t51.2885-15/e35/21433840_1050861591717525_8191523341039828992_n.jpg,23,0,0.082142857,280
https://www.instagram.com/atridayu,https://scontent-nrt1-1.cdninstagram.com/t51.2885-15/e35/21435999_1399260026838666_1889287638846799872_n.jpg,30,0,0.076726343,391
https://www.instagram.com/motomi8,https://scontent-nrt1-1.cdninstagram.com/t51.2885-15/e35/21480031_736268549898854_2127344700967878656_n.jpg,16,0,0.484848485,33
https://www.instagram.com/hskorea,https://scontent-nrt1-1.cdninstagram.com/t51.2885-15/e35/21435867_1916300075361952_8927709017933873152_n.jpg,17,1,0.106918239,159
https://www.instagram.com/gotogili,https://scontent-nrt1-1.cdninstagram.com/t51.2885-15/e35/21436199_483920535305656_2631735335108739072_n.jpg,143,0,0.004706424,30384
https://www.instagram.com/amandalpy,https://scontent-nrt1-1.cdninstagram.com/t51.2885-15/e35/21436039_280155559138981_6857897216372113408_n.jpg,14,0,0.013133208,1066
https://www.instagram.com/alexdwilson1981,https://scontent-nrt1-1.cdninstagram.com/t51.2885-15/e35/21435572_218158518715426_5478432494892089344_n.jpg,35,3,0.236486486,148
https://www.instagram.com/zulaiykhaa,https://scontent-nrt1-1.cdninstagram.com/t51.2885-15/e35/21435978_1892173511034761_7034573921613512704_n.jpg,27,0,0.321428571,84
https://www.instagram.com/a.th.i.n.a,https://scontent-nrt1-1.cdninstagram.com/t51.2885-15/e35/21373786_513346475676283_4747801963058429952_n.jpg,36,0,0.069364162,519
https://www.instagram.com/samuiturquoisevillas,https://scontent-nrt1-1.cdninstagram.com/t51.2885-15/e15/21433375_127024974613086_6663479117922435072_n.jpg,74,1,0.004886746,15143
https://www.instagram.com/startmyjob,https://scontent-nrt1-1.cdninstagram.com/t51.2885-15/e35/20838186_716574281868595_8344884708940709888_n.jpg,26,1,0.114035088,228
https://www.instagram.com/miss_i5,https://scontent-nrt1-1.cdninstagram.com/t51.2885-15/e35/21435355_128154731161509_1043592940288475136_n.jpg,16,0,0.036866359,434
https://www.instagram.com/kathis_traveloase,https://scontent-nrt1-1.cdninstagram.com/t51.2885-15/e35/21373473_1203235259791680_7502114376304820224_n.jpg,21,0,0.216494845,97
https://www.instagram.com/jotua.handika,https://scontent-nrt1-1.cdninstagram.com/t51.2885-15/e35/21434046_171914193370918_529354620447752192_n.jpg,96,6,0.078817734,1218
https://www.instagram.com/percealison,https://scontent-nrt1-1.cdninstagram.com/t51.2885-15/e35/21435359_123729118283487_9202715365874860032_n.jpg,4,0,0.2,20
https://www.instagram.com/iamgelgel09,https://scontent-nrt1-1.cdninstagram.com/t51.2885-15/e35/21435444_149565032304285_7408699984373088256_n.jpg,13,1,0.038348083,339
https://www.instagram.com/sabrina.1301,https://scontent-nrt1-1.cdninstagram.com/t51.2885-15/e35/21479898_502861946734442_8523283897931268096_n.jpg,33,0,0.237410072,139
https://www.instagram.com/wecanchangetheworld.1,https://scontent-nrt1-1.cdninstagram.com/t51.2885-15/e35/21576526_123418471645734_1085830499080863744_n.jpg,9,0,0.105882353,85
https://www.instagram.com/totoprass,https://scontent-nrt1-1.cdninstagram.com/t51.2885-15/e35/21433946_884176818401294_2197855058807226368_n.jpg,47,2,0.07768595,605
https://www.instagram.com/emgracey88,https://scontent-nrt1-1.cdninstagram.com/t51.2885-15/e35/21435494_356565178108542_821922655870386176_n.jpg,47,1,0.139053254,338
https://www.instagram.com/detribuddy,https://scontent-nrt1-1.cdninstagram.com/t51.2885-15/e35/21436267_487704078272446_5039642048769032192_n.jpg,64,2,0.073059361,876
https://www.instagram.com/lastrunner,https://scontent-nrt1-1.cdninstagram.com/t51.2885-15/e35/21434149_1467075136661851_2470100120734007296_n.jpg,34,2,0.094444444,360
https://www.instagram.com/francescalucaya,https://scontent-nrt1-1.cdninstagram.com/t51.2885-15/e35/21435388_918831691588959_594247521841184768_n.jpg,23,2,0.03070761,749
https://www.instagram.com/filippi.it,https://scontent-nrt1-1.cdninstagram.com/t51.2885-15/e35/21480044_1881137778881035_8180389608987557888_n.jpg,43,1,0.236263736,182
https://www.instagram.com/dizzymissruby,https://scontent-nrt1-1.cdninstagram.com/t51.2885-15/e35/21480420_1996683493950280_8261717451847237632_n.jpg,48,1,0.101265823,474
https://www.instagram.com/taufik_sandrian,https://scontent-nrt1-1.cdninstagram.com/t51.2885-15/e35/21433986_1423364127778715_4029299108903649280_n.jpg,11,0,0.056122449,196
https://www.instagram.com/tazmanianiezz,https://scontent-nrt1-1.cdninstagram.com/t51.2885-15/e35/21435597_894919834008689_34520417389510656_n.jpg,34,0,0.07606264,447
https://www.instagram.com/hoganband,https://scontent-nrt1-1.cdninstagram.com/t51.2885-15/e35/21433487_1450948888319519_8175928666975371264_n.jpg,22,0,0.010934394,2012
https://www.instagram.com/tinchen_b,https://scontent-nrt1-1.cdninstagram.com/t51.2885-15/e35/21373809_779099212272212_6955140309655224320_n.jpg,30,1,0.189873418,158
https://www.instagram.com/angelosboattours_cinqueterre,https://scontent-nrt1-1.cdninstagram.com/t51.2885-15/e35/21435388_1914891652113557_4468420722775031808_n.jpg,36,0,0.088235294,408
https://www.instagram.com/mynameiscoco2008,https://scontent-nrt1-1.cdninstagram.com/t51.2885-15/e35/21568473_470346170016607_1988523480991137792_n.jpg,59,0,0.278301887,212
https://www.instagram.com/james.amrein1,https://scontent-nrt1-1.cdninstagram.com/t51.2885-15/e35/21373724_258611617982733_336565976755601408_n.jpg,16,0,0.091954023,174
https://www.instagram.com/arcaneocean,https://scontent-nrt1-1.cdninstagram.com/t51.2885-15/e35/21480463_614690092252873_6984160158133780480_n.jpg,50,2,0.009144111,5468
https://www.instagram.com/arcaneocean,https://scontent-nrt1-1.cdninstagram.com/t51.2885-15/e35/21435849_292140537930981_9025657044199276544_n.jpg,60,2,0.010972933,5468
https://www.instagram.com/arcaneocean,https://scontent-nrt1-1.cdninstagram.com/t51.2885-15/e35/21373819_1690122551000756_3562255229741170688_n.jpg,46,0,0.008412582,5468
https://www.instagram.com/arcaneocean,https://scontent-nrt1-1.cdninstagram.com/t51.2885-15/e35/21433833_1075860355884514_7676626156036030464_n.jpg,49,2,0.008961229,5468
https://www.instagram.com/arcaneocean,https://scontent-nrt1-1.cdninstagram.com/t51.2885-15/e35/21435666_130581757577362_3037117421069533184_n.jpg,58,7,0.010607169,5468
https://www.instagram.com/omy_derya,https://scontent-nrt1-1.cdninstagram.com/t51.2885-15/e35/21434064_1121982794599105_1544927572054245376_n.jpg,14,0,0.05982906,234
https://www.instagram.com/arcaneocean,https://scontent-nrt1-1.cdninstagram.com/t51.2885-15/e35/21373565_318537331890751_4816770547897597952_n.jpg,60,2,0.010972933,5468
https://www.instagram.com/sumiren19,https://scontent-nrt1-1.cdninstagram.com/t51.2885-15/e35/21433281_505076733168125_780759534686699520_n.jpg,348,48,0.346613546,1004
https://www.instagram.com/elencrs,https://scontent-nrt1-1.cdninstagram.com/t51.2885-15/e35/21576389_1605545209509213_2456397190784876544_n.jpg,20,2,0.023894863,837
https://www.instagram.com/tomo.guchi,https://scontent-nrt1-1.cdninstagram.com/t51.2885-15/e35/21433935_380242692395222_7190661459875987456_n.jpg,114,1,0.128813559,885
https://www.instagram.com/anna_blueangie23,https://scontent-nrt1-1.cdninstagram.com/t51.2885-15/e35/21480293_322467328224640_2664525413253906432_n.jpg,21,0,0.107142857,196
https://www.instagram.com/emanu_fava,https://scontent-nrt1-1.cdninstagram.com/t51.2885-15/e35/21568931_482279152151669_3313801640934375424_n.jpg,13,0,0.052631579,247
https://www.instagram.com/mi_alma15,https://scontent-nrt1-1.cdninstagram.com/t51.2885-15/e35/21433997_266220387220193_3167909079427317760_n.jpg,10,1,0.032467532,308
https://www.instagram.com/slime.cdmx,https://scontent-nrt1-1.cdninstagram.com/t51.2885-15/e15/21480521_165715217317099_8359443892159905792_n.jpg,9,2,0.25,36
https://www.instagram.com/_phede04,https://scontent-nrt1-1.cdninstagram.com/t51.2885-15/e35/21433740_515436232125734_411508461671546880_n.jpg,23,1,0.048832272,471
https://www.instagram.com/leafcabarete,https://scontent-nrt1-1.cdninstagram.com/t51.2885-15/e35/21433862_1000882350067109_3233353085254369280_n.jpg,38,1,0.01726488,2201
https://www.instagram.com/oualisalaheddine,https://scontent-nrt1-1.cdninstagram.com/t51.2885-15/e35/21433593_835488853285952_2873958506917003264_n.jpg,35,0,0.121527778,288
https://www.instagram.com/yadarysha,https://scontent-nrt1-1.cdninstagram.com/t51.2885-15/e35/21435746_1818552465122549_9222862421805236224_n.jpg,16,1,0.019559902,818
https://www.instagram.com/casalindacity,https://scontent-nrt1-1.cdninstagram.com/t51.2885-15/e35/21434110_354134431690739_3605428391324418048_n.jpg,23,0,0.005659449,4064
https://www.instagram.com/herwatt,https://scontent-nrt1-1.cdninstagram.com/t51.2885-15/e35/21569025_116158659070670_1589157991377010688_n.jpg,204,4,0.071055381,2871
https://www.instagram.com/keribelsssss,https://scontent-nrt1-1.cdninstagram.com/t51.2885-15/e35/21479794_1705162569791764_7958694263435296768_n.jpg,65,0,0.069817401,931
https://www.instagram.com/mister_rgb,https://scontent-nrt1-1.cdninstagram.com/t51.2885-15/e35/21479743_1669929023080901_8044578688638910464_n.jpg,147,3,0.005682257,25870
https://www.instagram.com/piawest,https://scontent-nrt1-1.cdninstagram.com/t51.2885-15/e35/21434085_1667674823265210_5583132394430398464_n.jpg,7,1,0.022151899,316
https://www.instagram.com/rampizarro,https://scontent-nrt1-1.cdninstagram.com/t51.2885-15/e35/21568883_120827738577321_8482768457815818240_n.jpg,8,0,0.020942408,382
https://www.instagram.com/benedettabibivr,https://scontent-nrt1-1.cdninstagram.com/t51.2885-15/e15/21435426_135298100337889_6367391537189355520_n.jpg,16,0,0.01891253,846
https://www.instagram.com/miss.ailine,https://scontent-nrt1-1.cdninstagram.com/t51.2885-15/e35/20398804_1310766679049694_3939736838779961344_n.jpg,14,0,0.023890785,586
https://www.instagram.com/martinac092,https://scontent-nrt1-1.cdninstagram.com/t51.2885-15/e35/21433312_2104369676255620_4509264616219475968_n.jpg,30,1,0.068493151,438
https://www.instagram.com/lucapresci,https://scontent-nrt1-1.cdninstagram.com/t51.2885-15/e35/21435518_1425093597540224_1833975791583494144_n.jpg,16,0,0.195121951,82
https://www.instagram.com/christianazar,https://scontent-nrt1-1.cdninstagram.com/t51.2885-15/e35/21433856_1106854926013414_9163393046199402496_n.jpg,34,0,0.005955509,5709
https://www.instagram.com/brumonteiros,https://scontent-nrt1-1.cdninstagram.com/t51.2885-15/e35/21435764_294911190915847_1742939505863688192_n.jpg,46,1,0.024121657,1907
https://www.instagram.com/regzi_,https://scontent-nrt1-1.cdninstagram.com/t51.2885-15/e35/21433726_152584708663869_4924687571214139392_n.jpg,34,0,0.026254826,1295
https://www.instagram.com/saplum,https://scontent-nrt1-1.cdninstagram.com/t51.2885-15/e35/21435960_1718061428496482_6028925136189521920_n.jpg,27,0,0.046632124,579
https://www.instagram.com/oualisalaheddine,https://scontent-nrt1-1.cdninstagram.com/t51.2885-15/e35/21569222_117314532302918_3633575476678623232_n.jpg,27,0,0.09375,288
https://www.instagram.com/maharlika_ma,https://scontent-nrt1-1.cdninstagram.com/t51.2885-15/e35/21436003_336128070181461_7535596704393854976_n.jpg,14,0,0.104477612,134
https://www.instagram.com/noraziahmohdnoor,https://scontent-nrt1-1.cdninstagram.com/t51.2885-15/e35/21373791_711577112365525_1701887778951790592_n.jpg,10,0,0.055865922,179
https://www.instagram.com/anna.siouta,https://scontent-nrt1-1.cdninstagram.com/t51.2885-15/e35/21568784_1970278239895498_3580725208316641280_n.jpg,15,2,0.062761506,239
https://www.instagram.com/gotogili,https://scontent-nrt1-1.cdninstagram.com/t51.2885-15/e35/21435476_343764672715309_1264261389225033728_n.jpg,151,2,0.004969721,30384
https://www.instagram.com/gee_fotografi,https://scontent-nrt1-1.cdninstagram.com/t51.2885-15/e35/21373605_482273165482150_1962765892102127616_n.jpg,23,0,0.184,125
https://www.instagram.com/stephan_1e,https://scontent-nrt1-1.cdninstagram.com/t51.2885-15/e35/21479970_1480286012050494_6297981949403201536_n.jpg,28,2,0.150537634,186
https://www.instagram.com/waytowakeup,https://scontent-nrt1-1.cdninstagram.com/t51.2885-15/e35/21480400_1954189618157180_3712229942914711552_n.jpg,4,0,0.363636364,11
https://www.instagram.com/sha3er14,https://scontent-nrt1-1.cdninstagram.com/t51.2885-15/e15/21435645_103659880352597_7421653287910244352_n.jpg,88,19,0.046958378,1874
https://www.instagram.com/wynnjae,https://scontent-nrt1-1.cdninstagram.com/t51.2885-15/e35/21436194_859954480829792_3761554227810271232_n.jpg,16,0,0.019002375,842
https://www.instagram.com/salva.7772,https://scontent-nrt1-1.cdninstagram.com/t51.2885-15/e35/21434233_1939772789627204_5691806560351682560_n.jpg,20,0,0.175438596,114
https://www.instagram.com/carmidefalco93,https://scontent-nrt1-1.cdninstagram.com/t51.2885-15/e35/21436152_273287389855356_4628535325453451264_n.jpg,34,3,0.045454545,748
https://www.instagram.com/alinasterniola,https://scontent-nrt1-1.cdninstagram.com/t51.2885-15/e35/21435423_112385929502585_219090477952008192_n.jpg,38,0,0.136690647,278
https://www.instagram.com/angelina_bela_,https://scontent-nrt1-1.cdninstagram.com/t51.2885-15/e35/21373361_390019148067420_1481603102522998784_n.jpg,32,0,0.033542977,954
https://www.instagram.com/abovecascade,https://scontent-nrt1-1.cdninstagram.com/t51.2885-15/e35/21435349_341562626291926_2618713544023080960_n.jpg,143,2,0.02043733,6997
https://www.instagram.com/mickyintour,https://scontent-nrt1-1.cdninstagram.com/t51.2885-15/e35/21434185_707180946152554_1210292973372178432_n.jpg,50,1,0.057405281,871
https://www.instagram.com/sportshizzle,https://scontent-nrt1-1.cdninstagram.com/t51.2885-15/e15/21568671_1481091271958569_6851518146260500480_n.jpg,17,0,0.11409396,149
https://www.instagram.com/the_enano,https://scontent-nrt1-1.cdninstagram.com/t51.2885-15/e35/21373677_655628697977473_571096196416798720_n.jpg,24,1,0.188976378,127
https://www.instagram.com/jejugranma,https://scontent-nrt1-1.cdninstagram.com/t51.2885-15/e35/21480360_1931797930409755_4622353278376607744_n.jpg,43,0,0.055269923,778
https://www.instagram.com/cocotash,https://scontent-nrt1-1.cdninstagram.com/t51.2885-15/e35/21433368_275276152967820_2759815258490011648_n.jpg,14,0,0.02745098,510
https://www.instagram.com/cristelnarca.ph,https://scontent-nrt1-1.cdninstagram.com/t51.2885-15/e35/21434023_2368716646686890_4760558733187088384_n.jpg,38,3,0.089201878,426
https://www.instagram.com/nara9262,https://scontent-nrt1-1.cdninstagram.com/t51.2885-15/e35/21479687_116511699051412_2532640939122360320_n.jpg,23,0,0.113300493,203
https://www.instagram.com/steffi_sa,https://scontent-nrt1-1.cdninstagram.com/t51.2885-15/e35/21433919_720678438140287_1607410502873382912_n.jpg,50,2,0.148367953,337
https://www.instagram.com/rio_asmada,https://scontent-nrt1-1.cdninstagram.com/t51.2885-15/e35/21433921_677983399060467_1741813378323578880_n.jpg,37,2,0.09919571,373
https://www.instagram.com/northcelebes_id,https://scontent-nrt1-1.cdninstagram.com/t51.2885-15/e35/21436009_168242713735045_2101842151531872256_n.jpg,25,2,0.367647059,68
https://www.instagram.com/jenni_dawn,https://scontent-nrt1-1.cdninstagram.com/t51.2885-15/e35/21373587_1745616099072046_3323495321991905280_n.jpg,83,3,0.135399674,613
https://www.instagram.com/criuorio,https://scontent-nrt1-1.cdninstagram.com/t51.2885-15/e35/21480559_154488795134553_1043180223996100608_n.jpg,29,0,0.176829268,164
https://www.instagram.com/serapkaykac,https://scontent-nrt1-1.cdninstagram.com/t51.2885-15/e35/21436221_1669971259743402_6763191271939899392_n.jpg,127,0,0.016575307,7662
https://www.instagram.com/noorjabety,https://scontent-nrt1-1.cdninstagram.com/t51.2885-15/e35/21480357_145220589405531_4856528579120332800_n.jpg,26,0,0.048964218,531
https://www.instagram.com/valepattz8,https://scontent-nrt1-1.cdninstagram.com/t51.2885-15/e35/21436307_1455290001174318_4951125031951269888_n.jpg,46,0,0.069802731,659
https://www.instagram.com/jasosagx,https://scontent-nrt1-1.cdninstagram.com/t51.2885-15/e35/21433305_114491475908742_3883778212391550976_n.jpg,77,1,0.043725156,1761
https://www.instagram.com/maickgalliano,https://scontent-nrt1-1.cdninstagram.com/t51.2885-15/e15/21433624_335077103583332_1817943391632097280_n.jpg,67,4,0.047484054,1411
https://www.instagram.com/noorjabety,https://scontent-nrt1-1.cdninstagram.com/t51.2885-15/e35/21480049_1423292634391100_5761884213120860160_n.jpg,24,1,0.04519774,531
https://www.instagram.com/helenedaba,https://scontent-nrt1-1.cdninstagram.com/t51.2885-15/e35/21436141_1890843991167482_915094712862375936_n.jpg,23,0,0.038655462,595
https://www.instagram.com/grac13_photography,https://scontent-nrt1-1.cdninstagram.com/t51.2885-15/e35/21373817_334377590344455_6055972400678305792_n.jpg,14,0,0.254545455,55
https://www.instagram.com/donatellacofano,https://scontent-nrt1-1.cdninstagram.com/t51.2885-15/e35/21435965_1107145092753942_3764768169017737216_n.jpg,26,1,0.072423398,359
https://www.instagram.com/bigbell78,https://scontent-nrt1-1.cdninstagram.com/t51.2885-15/e35/21480007_269830936862126_2043541354922901504_n.jpg,45,2,0.185185185,243
https://www.instagram.com/dyta_arie,https://scontent-nrt1-1.cdninstagram.com/t51.2885-15/e35/21433433_130498844245958_6570650559529877504_n.jpg,12,0,0.016925247,709
https://www.instagram.com/daniela_ivanovich,https://scontent-nrt1-1.cdninstagram.com/t51.2885-15/e35/21433767_458404037878533_2350945057789444096_n.jpg,11,0,0.073333333,150
https://www.instagram.com/santana.karolina,https://scontent-nrt1-1.cdninstagram.com/t51.2885-15/e35/21568512_364365170662370_1255577691201994752_n.jpg,32,1,0.082051282,390
https://www.instagram.com/iinami.ittoku,https://scontent-nrt1-1.cdninstagram.com/t51.2885-15/e35/21434277_133171910638092_4371521110911483904_n.jpg,114,2,0.282878412,403
https://www.instagram.com/critmoney,https://scontent-nrt1-1.cdninstagram.com/t51.2885-15/e35/21433973_1660024690674770_6188911542684090368_n.jpg,469,9,0.062367021,7520
https://www.instagram.com/e.r.i.c.a.l.i,https://scontent-nrt1-1.cdninstagram.com/t51.2885-15/e35/21576503_146669359261360_2330991515905556480_n.jpg,39,0,0.302325581,129
https://www.instagram.com/delbinclyte,https://scontent-nrt1-1.cdninstagram.com/t51.2885-15/e35/21435623_1181352375297584_3898888779217240064_n.jpg,196,4,0.073739654,2658
https://www.instagram.com/ladolcevitadisarahcasandra,https://scontent-nrt1-1.cdninstagram.com/t51.2885-15/e35/21373666_122411348485992_6030744291062579200_n.jpg,13,0,0.059360731,219
https://www.instagram.com/amal_mahmoud1995,https://scontent-nrt1-1.cdninstagram.com/t51.2885-15/e35/21479684_1952798994978299_3992066393896910848_n.jpg,68,0,0.113902848,597
https://www.instagram.com/yrh_smile,https://scontent-nrt1-1.cdninstagram.com/t51.2885-15/e35/21479810_716957398489818_1716443341513555968_n.jpg,98,0,0.342657343,286
https://www.instagram.com/mavi_doga_huzur,https://scontent-nrt1-1.cdninstagram.com/t51.2885-15/e35/21479721_488431821525061_9123799044072669184_n.jpg,11,0,0.333333333,33
https://www.instagram.com/amal_mahmoud1995,https://scontent-nrt1-1.cdninstagram.com/t51.2885-15/e35/21433690_115490025807254_8718790199359832064_n.jpg,59,1,0.098827471,597
https://www.instagram.com/gotogili,https://scontent-nrt1-1.cdninstagram.com/t51.2885-15/e35/21373783_172439646649703_4907162614292807680_n.jpg,256,1,0.008425487,30384
https://www.instagram.com/moupuma,https://scontent-nrt1-1.cdninstagram.com/t51.2885-15/e35/21373630_479861502395143_5356754100006420480_n.jpg,15,0,0.109489051,137
https://www.instagram.com/silvurz,https://scontent-nrt1-1.cdninstagram.com/t51.2885-15/e35/21436287_284003345418552_1965872261558697984_n.jpg,18,1,0.075949367,237
https://www.instagram.com/basemsewiha,https://scontent-nrt1-1.cdninstagram.com/t51.2885-15/e35/21479844_2040040492897105_6247104754657263616_n.jpg,54,1,0.0421875,1280
https://www.instagram.com/gato_travel,https://scontent-nrt1-1.cdninstagram.com/t51.2885-15/e35/21433683_1579761648741742_4959574237644849152_n.jpg,80,0,0.115107914,695
https://www.instagram.com/hildebern,https://scontent-nrt1-1.cdninstagram.com/t51.2885-15/e35/21479874_433546500373319_2989778115439362048_n.jpg,20,1,0.052910053,378
https://www.instagram.com/vikushaxo,https://scontent-nrt1-1.cdninstagram.com/t51.2885-15/e35/21433695_115129905845250_7380658095652864000_n.jpg,35,2,0.134615385,260
https://www.instagram.com/michelle_vasari,https://scontent-nrt1-1.cdninstagram.com/t51.2885-15/e35/21434164_1784471395179540_8388208147134676992_n.jpg,55,1,0.187713311,293
https://www.instagram.com/lisa_11.03.2003,https://scontent-nrt1-1.cdninstagram.com/t51.2885-15/e35/21433546_460205594363173_2084292910865448960_n.jpg,2,0,0.024691358,81
https://www.instagram.com/danijimenezcr,https://scontent-nrt1-1.cdninstagram.com/t51.2885-15/e35/21373617_1435713919810068_4073201160796766208_n.jpg,22,0,0.054187192,406
https://www.instagram.com/olya6633,https://scontent-nrt1-1.cdninstagram.com/t51.2885-15/e15/21480331_1633893963339696_7827202516818329600_n.jpg,35,1,0.041617122,841
https://www.instagram.com/lucia_fti,https://scontent-nrt1-1.cdninstagram.com/t51.2885-15/e35/21435942_1559870020735674_2387365182163648512_n.jpg,29,1,0.110687023,262
https://www.instagram.com/alessiomodica84,https://scontent-nrt1-1.cdninstagram.com/t51.2885-15/e35/21480236_116910469012193_5969560459001462784_n.jpg,5,0,0.058139535,86
https://www.instagram.com/janguidobuchwald,https://scontent-nrt1-1.cdninstagram.com/t51.2885-15/e35/21373551_129073564402632_3855248054609248256_n.jpg,58,0,0.204946996,283
https://www.instagram.com/sase87sk,https://scontent-nrt1-1.cdninstagram.com/t51.2885-15/e35/21433428_148898455705952_1767186722258419712_n.jpg,30,0,#DIV/0!,
https://www.instagram.com/taxtraveller,https://scontent-nrt1-1.cdninstagram.com/t51.2885-15/e35/21569088_1966815516869903_584524970013491200_n.jpg,35,0,0.309734513,113
https://www.instagram.com/stellaryuk,https://scontent-nrt1-1.cdninstagram.com/t51.2885-15/e35/21479869_169689433605159_1727896318484938752_n.jpg,60,4,0.092735703,647
https://www.instagram.com/di0g0arauj0,https://scontent-nrt1-1.cdninstagram.com/t51.2885-15/e35/21480245_334980386907561_1643661431305928704_n.jpg,71,4,0.076262084,931
https://www.instagram.com/ariadne_86,https://scontent-nrt1-1.cdninstagram.com/t51.2885-15/e35/21435851_269508996888716_6338143475623526400_n.jpg,7,0,0.466666667,15
https://www.instagram.com/ayafarid1,https://scontent-nrt1-1.cdninstagram.com/t51.2885-15/e35/21433855_685060745033780_1913095995483226112_n.jpg,126,2,0.139534884,903
https://www.instagram.com/bourgermain8889,https://scontent-nrt1-1.cdninstagram.com/t51.2885-15/e35/21373714_310633492742299_1102555986494750720_n.jpg,10,0,0.153846154,65
https://www.instagram.com/c13carr,https://scontent-nrt1-1.cdninstagram.com/t51.2885-15/e35/21433437_130091804295489_3648665835683184640_n.jpg,161,1,1.087837838,148
https://www.instagram.com/martaquartiero,https://scontent-nrt1-1.cdninstagram.com/t51.2885-15/e35/21373668_147117719216804_1166796108693766144_n.jpg,52,1,0.143250689,363
https://www.instagram.com/sheila.the.shark,https://scontent-nrt1-1.cdninstagram.com/t51.2885-15/e35/21433761_351738791906315_104965624869945344_n.jpg,20,0,0.714285714,28
https://www.instagram.com/nikasparkling,https://scontent-nrt1-1.cdninstagram.com/t51.2885-15/e35/21479737_343457596079230_6801994132500774912_n.jpg,37,0,0.226993865,163
https://www.instagram.com/michelemichelemichelemichelemi,https://scontent-nrt1-1.cdninstagram.com/t51.2885-15/e35/21373668_747931228747938_6134962153536356352_n.jpg,90,2,0.119840213,751
https://www.instagram.com/justmeemma_,https://scontent-nrt1-1.cdninstagram.com/t51.2885-15/e35/21479678_144346432833400_2046186341812666368_n.jpg,20,1,0.094339623,212
https://www.instagram.com/alessia.brusa,https://scontent-nrt1-1.cdninstagram.com/t51.2885-15/e35/21479794_486312948412578_3106886489028427776_n.jpg,44,1,0.07345576,599
https://www.instagram.com/_ilariasifanno,https://scontent-nrt1-1.cdninstagram.com/t51.2885-15/e35/21480424_302880943512924_2349739554958737408_n.jpg,6,0,0.033707865,178
https://www.instagram.com/linabellalou,https://scontent-nrt1-1.cdninstagram.com/t51.2885-15/e35/21480052_1451171764918217_9117895486970265600_n.jpg,70,0,0.051057622,1371
https://www.instagram.com/active_stie,https://scontent-nrt1-1.cdninstagram.com/t51.2885-15/e35/21576463_105730036836424_7619158080571310080_n.jpg,24,0,0.143712575,167
https://www.instagram.com/ali_nd_ali,https://scontent-nrt1-1.cdninstagram.com/t51.2885-15/e35/21479842_271942379976521_5737440278634037248_n.jpg,19,0,0.079497908,239
https://www.instagram.com/theodoracecelia,https://scontent-nrt1-1.cdninstagram.com/t51.2885-15/e35/21435440_527409904277676_1344750888828272640_n.jpg,25,1,0.100401606,249
https://www.instagram.com/gotogili,https://scontent-nrt1-1.cdninstagram.com/t51.2885-15/e35/21373572_1796283223997303_2598713242830241792_n.jpg,212,0,0.006977357,30384
https://www.instagram.com/janislzjhmcm,https://scontent-nrt1-1.cdninstagram.com/t51.2885-15/e35/21373491_1641438965866897_1430349342224416768_n.jpg,9,0,0.022556391,399
https://www.instagram.com/steven.loria,https://scontent-nrt1-1.cdninstagram.com/t51.2885-15/e35/21433310_116963029004290_8475885987472343040_n.jpg,13,0,0.055793991,233
https://www.instagram.com/rish1804,https://scontent-nrt1-1.cdninstagram.com/t51.2885-15/e35/21433809_493131314399778_2999494207636242432_n.jpg,40,0,0.090293454,443
https://www.instagram.com/koso1982,https://scontent-nrt1-1.cdninstagram.com/t51.2885-15/e35/21436013_1247195205427341_179173112032526336_n.jpg,51,0,0.443478261,115
https://www.instagram.com/uncharted_earth,https://scontent-nrt1-1.cdninstagram.com/t51.2885-15/e35/21435988_161095387776103_431936258139226112_n.jpg,541,4,0.061906397,8739
https://www.instagram.com/memo_mohamed_ph,https://scontent-nrt1-1.cdninstagram.com/t51.2885-15/e35/21569221_304230580046644_7419054858465968128_n.jpg,46,1,0.065997131,697
https://www.instagram.com/oceane_sou,https://scontent-nrt1-1.cdninstagram.com/t51.2885-15/e35/21434110_148695575718473_4002454511036661760_n.jpg,22,1,0.158273381,139
https://www.instagram.com/mrdzanie,https://scontent-nrt1-1.cdninstagram.com/t51.2885-15/e35/21435985_1028965277245244_3764245321173958656_n.jpg,18,0,3,6
https://www.instagram.com/sonia_pizzato,https://scontent-nrt1-1.cdninstagram.com/t51.2885-15/e35/21436240_103925396988214_8688685223098974208_n.jpg,20,1,0.075471698,265
https://www.instagram.com/andi_syaiful_cibu,https://scontent-nrt1-1.cdninstagram.com/t51.2885-15/e35/21433390_116159872457193_8534556705319550976_n.jpg,46,3,0.127071823,362
https://www.instagram.com/roberta_arakaki,https://scontent-nrt1-1.cdninstagram.com/t51.2885-15/e35/21568681_121534638504791_3956041423693807616_n.jpg,51,6,0.090747331,562
https://www.instagram.com/aanaa.k,https://scontent-nrt1-1.cdninstagram.com/t51.2885-15/e35/21433954_1844052375924022_4463740363768594432_n.jpg,12,0,0.092307692,130
https://www.instagram.com/carlomortandello,https://scontent-nrt1-1.cdninstagram.com/t51.2885-15/e35/21433371_1658815407462880_8815204647422656512_n.jpg,66,2,0.229965157,287
https://www.instagram.com/14.12.003,https://scontent-nrt1-1.cdninstagram.com/t51.2885-15/e35/21568859_1614831585245681_6786503585623441408_n.jpg,60,1,0.28708134,209
https://www.instagram.com/crispr72,https://scontent-nrt1-1.cdninstagram.com/t51.2885-15/e35/21435343_238903949968892_6425441529183076352_n.jpg,52,0,0.111827957,465
https://www.instagram.com/jo_yssmt,https://scontent-nrt1-1.cdninstagram.com/t51.2885-15/e35/21479745_434454883622112_5385878509463797760_n.jpg,43,2,0.082061069,524
https://www.instagram.com/alanahjwelch,https://scontent-nrt1-1.cdninstagram.com/t51.2885-15/e35/21568628_1227057927399139_7681410934287368192_n.jpg,19,1,0.032312925,588
https://www.instagram.com/paula_brkmn,https://scontent-nrt1-1.cdninstagram.com/t51.2885-15/e35/21435673_116250545781754_34825510391382016_n.jpg,62,3,0.336956522,184
https://www.instagram.com/yessinmax,https://scontent-nrt1-1.cdninstagram.com/t51.2885-15/e35/21373737_193919367815498_4172889791278350336_n.jpg,22,0,0.016117216,1365
https://www.instagram.com/bobgarage,https://scontent-nrt1-1.cdninstagram.com/t51.2885-15/e35/21433664_375346032879677_5653743082705780736_n.jpg,29,1,0.110687023,262
https://www.instagram.com/_leyl_i_kadraj_,https://scontent-nrt1-1.cdninstagram.com/t51.2885-15/e35/21433952_129954567645082_6132292900081369088_n.jpg,115,0,0.169867061,677
https://www.instagram.com/amanda.poletrips,https://scontent-nrt1-1.cdninstagram.com/t51.2885-15/e35/21434149_129873630970873_735914776126816256_n.jpg,27,1,0.046712803,578
https://www.instagram.com/mirooheroo,https://scontent-nrt1-1.cdninstagram.com/t51.2885-15/e35/21373587_110431809698443_2746944259411148800_n.jpg,19,2,0.161016949,118
https://www.instagram.com/meilimeli,https://scontent-nrt1-1.cdninstagram.com/t51.2885-15/e35/21433446_325281131266570_7971206692874485760_n.jpg,24,1,0.134831461,178
https://www.instagram.com/eli_gash,https://scontent-nrt1-1.cdninstagram.com/t51.2885-15/e35/21434181_1892808094371689_461898233463963648_n.jpg,16,0,0.075471698,212
https://www.instagram.com/stacy_d95,https://scontent-nrt1-1.cdninstagram.com/t51.2885-15/e35/21479804_254138038442108_295403680205635584_n.jpg,49,0,0.061712846,794
https://www.instagram.com/helenedaba,https://scontent-nrt1-1.cdninstagram.com/t51.2885-15/e35/21479767_131707950711266_1548936825240813568_n.jpg,39,1,0.065546218,595
https://www.instagram.com/exceedskv,https://scontent-nrt1-1.cdninstagram.com/t51.2885-15/e35/21480165_285001171982523_5685538321871142912_n.jpg,79,2,0.082549634,957
https://www.instagram.com/emidarminio_iena,https://scontent-nrt1-1.cdninstagram.com/t51.2885-15/e35/21436011_1973268589587294_592049147125694464_n.jpg,50,1,0.071123755,703
https://www.instagram.com/cri_ladi,https://scontent-nrt1-1.cdninstagram.com/t51.2885-15/e35/21433737_129749910994994_3936309429107949568_n.jpg,8,0,0.094117647,85
https://www.instagram.com/helenedaba,https://scontent-nrt1-1.cdninstagram.com/t51.2885-15/e35/21568842_848895385267438_5499915272766619648_n.jpg,37,0,0.062184874,595
https://www.instagram.com/f_umi.o39,https://scontent-nrt1-1.cdninstagram.com/t51.2885-15/e35/21435346_1967315596848211_5121816764690202624_n.jpg,95,0,0.429864253,221
https://www.instagram.com/inviteusin,https://scontent-nrt1-1.cdninstagram.com/t51.2885-15/e35/21479992_176814976199336_7061261512656027648_n.jpg,33,0,0.072210066,457
https://www.instagram.com/a.laroshi,https://scontent-nrt1-1.cdninstagram.com/t51.2885-15/e35/21576437_423368121398421_7737781946255671296_n.jpg,99,1,0.148425787,667
https://www.instagram.com/laylaylomdutturudunya,https://scontent-nrt1-1.cdninstagram.com/t51.2885-15/e35/21433739_370962643320908_6815263571400720384_n.jpg,33,1,0.097922849,337
https://www.instagram.com/sarettafox,https://scontent-nrt1-1.cdninstagram.com/t51.2885-15/e35/21433731_1717292898565689_538858687289098240_n.jpg,14,0,0.081395349,172
https://www.instagram.com/pwiikpwiik,https://scontent-nrt1-1.cdninstagram.com/t51.2885-15/e35/21569433_472272943144991_5464636226713681920_n.jpg,42,0,0.111405836,377
https://www.instagram.com/daniela.s.p,https://scontent-nrt1-1.cdninstagram.com/t51.2885-15/e35/21480192_337560896689251_7601729657334923264_n.jpg,34,0,0.241134752,141
https://www.instagram.com/ellengllrd,https://scontent-nrt1-1.cdninstagram.com/t51.2885-15/e35/21479640_343068342811440_6932696412589129728_n.jpg,48,1,0.076069731,631
https://www.instagram.com/jorenb123,https://scontent-nrt1-1.cdninstagram.com/t51.2885-15/e35/21436010_321085651686488_8934314733469696000_n.jpg,38,0,0.203208556,187
https://www.instagram.com/divaconvintah,https://scontent-nrt1-1.cdninstagram.com/t51.2885-15/e35/21479889_233874470469721_3948504653737492480_n.jpg,13,0,0.035040431,371
https://www.instagram.com/selinaaa.v,https://scontent-nrt1-1.cdninstagram.com/t51.2885-15/e35/21373571_687809164756826_8800360488828403712_n.jpg,30,0,0.054945055,546
https://www.instagram.com/goktenbirelfdustu,https://scontent-nrt1-1.cdninstagram.com/t51.2885-15/e35/21568732_483776505321206_6627570777556254720_n.jpg,22,0,0.536585366,41
https://www.instagram.com/tattedseb_official,https://scontent-nrt1-1.cdninstagram.com/t51.2885-15/e35/21479831_275543739613486_3415639709274079232_n.jpg,101,0,0.063924051,1580
https://www.instagram.com/belethereal,https://scontent-nrt1-1.cdninstagram.com/t51.2885-15/e35/21433938_635540706833961_1117732481068433408_n.jpg,38,1,0.077393075,491
https://www.instagram.com/moniakebir,https://scontent-nrt1-1.cdninstagram.com/t51.2885-15/e35/21433911_126124164790401_8903818833580523520_n.jpg,49,0,0.047434656,1033
https://www.instagram.com/elli.christine,https://scontent-nrt1-1.cdninstagram.com/t51.2885-15/e35/21373801_744579749083716_7809472913295278080_n.jpg,47,0,0.094949495,495
https://www.instagram.com/kaori_bani,https://scontent-nrt1-1.cdninstagram.com/t51.2885-15/e35/21296644_397151207367451_8797466114662596608_n.jpg,307,13,0.363313609,845
https://www.instagram.com/f4bb1u5,https://scontent-nrt1-1.cdninstagram.com/t51.2885-15/e35/21373821_348735622225603_5061764815425372160_n.jpg,19,0,0.152,125
https://www.instagram.com/sanalys,https://scontent-nrt1-1.cdninstagram.com/t51.2885-15/e35/21434097_1042742285867557_8462928552176648192_n.jpg,38,1,0.324786325,117
https://www.instagram.com/susi_que1,https://scontent-nrt1-1.cdninstagram.com/t51.2885-15/e35/21435660_1460522267348008_9010021958787530752_n.jpg,42,0,0.189189189,222
https://www.instagram.com/marion_cobretti81,https://scontent-nrt1-1.cdninstagram.com/t51.2885-15/e35/21479866_358199171297279_4083673725583491072_n.jpg,10,0,0.294117647,34
https://www.instagram.com/justme_giuuls,https://scontent-nrt1-1.cdninstagram.com/t51.2885-15/e35/21436142_1836660173310944_5976147521494319104_n.jpg,26,0,0.040435459,643
https://www.instagram.com/uniform_pelaut_indonesia,https://scontent-nrt1-1.cdninstagram.com/t51.2885-15/e35/21479864_319725691831886_1248511331833741312_n.jpg,493,2,0.042617566,11568
https://www.instagram.com/f4bb1u5,https://scontent-nrt1-1.cdninstagram.com/t51.2885-15/e35/21479629_769262993245274_2150137881954353152_n.jpg,11,0,0.088,125
https://www.instagram.com/princessinparadisee,https://scontent-nrt1-1.cdninstagram.com/t51.2885-15/e35/21373700_1451656798222394_3363508873703981056_n.jpg,77,1,0.137010676,562
https://www.instagram.com/paolagrima,https://scontent-nrt1-1.cdninstagram.com/t51.2885-15/e35/21479623_233733537152042_4305392671981043712_n.jpg,49,3,0.101871102,481
https://www.instagram.com/bethmarguerite,https://scontent-nrt1-1.cdninstagram.com/t51.2885-15/e35/21433607_354247795030300_6900659899340947456_n.jpg,25,0,0.022421525,1115
https://www.instagram.com/simplephoto_abouteverything,https://scontent-nrt1-1.cdninstagram.com/t51.2885-15/e35/21436052_148151069106622_6887081201320853504_n.jpg,19,2,0.143939394,132
https://www.instagram.com/pierapau,https://scontent-nrt1-1.cdninstagram.com/t51.2885-15/e15/21569102_115404019143725_7073859734066954240_n.jpg,43,0,0.176954733,243
https://www.instagram.com/aunt.sharon,https://scontent-nrt1-1.cdninstagram.com/t51.2885-15/e35/21479999_130083224286961_5282607403810947072_n.jpg,48,2,0.457142857,105
https://www.instagram.com/teessidedigger,https://scontent-nrt1-1.cdninstagram.com/t51.2885-15/e35/21435610_1950888181848118_5388413854428430336_n.jpg,10,0,0.04950495,202
https://www.instagram.com/souza__analuiza,https://scontent-nrt1-1.cdninstagram.com/t51.2885-15/e35/21435948_115830622461227_2459439500804227072_n.jpg,23,0,0.14556962,158
https://www.instagram.com/jrbeland13,https://scontent-nrt1-1.cdninstagram.com/t51.2885-15/e35/21568902_626782637492379_3462077028822417408_n.jpg,101,3,0.234883721,430
https://www.instagram.com/xxsarah_dxx,https://scontent-nrt1-1.cdninstagram.com/t51.2885-15/e35/21433577_284168388748488_6557234846928732160_n.jpg,7,0,0.011804384,593
https://www.instagram.com/uniform_pelaut_indonesia,https://scontent-nrt1-1.cdninstagram.com/t51.2885-15/e35/21480190_523690917963492_394808993169539072_n.jpg,475,1,0.041061549,11568
https://www.instagram.com/estefylabra,https://scontent-nrt1-1.cdninstagram.com/t51.2885-15/e35/21373797_132327570721080_2901379790042824704_n.jpg,26,0,0.060324826,431
https://www.instagram.com/ane_bduarte,https://scontent-nrt1-1.cdninstagram.com/t51.2885-15/e35/21569181_2098725220267848_4671560044377014272_n.jpg,34,1,0.107936508,315
https://www.instagram.com/kohshi018,https://scontent-nrt1-1.cdninstagram.com/t51.2885-15/e35/21373793_424045644658827_5284188273898422272_n.jpg,44,1,0.117021277,376
https://www.instagram.com/unknown_sooo,https://scontent-nrt1-1.cdninstagram.com/t51.2885-15/e35/21373490_1035944899873102_845401592810176512_n.jpg,27,0,0.355263158,76
https://www.instagram.com/uniform_pelaut_indonesia,https://scontent-nrt1-1.cdninstagram.com/t51.2885-15/e35/21568832_277079166141223_8156322678140043264_n.jpg,507,0,0.043827801,11568
https://www.instagram.com/doubletroubletroop,https://scontent-nrt1-1.cdninstagram.com/t51.2885-15/e35/21435472_1301765403279744_5525954568560574464_n.jpg,29,1,0.134883721,215
https://www.instagram.com/nikos_kouimtzis,https://scontent-nrt1-1.cdninstagram.com/t51.2885-15/e35/21433327_177837966094609_9177707085570244608_n.jpg,77,3,0.157464213,489
https://www.instagram.com/sacha__kebe,https://scontent-nrt1-1.cdninstagram.com/t51.2885-15/e35/21576456_1610045865732055_9065331976394768384_n.jpg,15,0,0.138888889,108
https://www.instagram.com/ainedoyle111,https://scontent-nrt1-1.cdninstagram.com/t51.2885-15/e35/21435611_148513505740198_7876293645119258624_n.jpg,5,0,0.714285714,7
https://www.instagram.com/ineetutravel,https://scontent-nrt1-1.cdninstagram.com/t51.2885-15/e35/21373600_147288689212571_327809693785260032_n.jpg,45,1,0.120643432,373
https://www.instagram.com/mihaela_tasulea,https://scontent-nrt1-1.cdninstagram.com/t51.2885-15/e35/21569379_1842605095768190_1871881218727870464_n.jpg,30,1,0.100334448,299
https://www.instagram.com/adi.goga,https://scontent-nrt1-1.cdninstagram.com/t51.2885-15/e35/21479722_749517775250290_8927123523697115136_n.jpg,29,0,0.268518519,108
https://www.instagram.com/rachbunyan,https://scontent-nrt1-1.cdninstagram.com/t51.2885-15/e35/21433749_1436775106437823_5295070960817274880_n.jpg,13,0,0.134020619,97
https://www.instagram.com/jaimehlsg,https://scontent-nrt1-1.cdninstagram.com/t51.2885-15/e35/21479704_1955077154708367_6170177101497368576_n.jpg,45,2,0.155172414,290
https://www.instagram.com/alexandermhowe,https://scontent-nrt1-1.cdninstagram.com/t51.2885-15/e35/21435753_689426617929843_5211122307438739456_n.jpg,14,0,0.076086957,184
https://www.instagram.com/incorniciare,https://scontent-nrt1-1.cdninstagram.com/t51.2885-15/e35/21436141_114422782572069_1705838002107842560_n.jpg,30,0,0.01726122,1738
https://www.instagram.com/emirin1107,https://scontent-nrt1-1.cdninstagram.com/t51.2885-15/e35/21480435_268931506958430_1100713471294570496_n.jpg,94,0,0.18503937,508
https://www.instagram.com/adi.goga,https://scontent-nrt1-1.cdninstagram.com/t51.2885-15/e35/21480067_1437713659645414_3453110120655880192_n.jpg,13,0,0.12037037,108
https://www.instagram.com/mamchtasha,https://scontent-nrt1-1.cdninstagram.com/t51.2885-15/e35/21373580_170558720171742_4530629935328395264_n.jpg,55,0,0.057833859,951
https://www.instagram.com/artofpaintings,https://scontent-nrt1-1.cdninstagram.com/t51.2885-15/e35/21373762_1431269450285658_7128743669443592192_n.jpg,18,1,4.5,4
https://www.instagram.com/sariapoulette,https://scontent-nrt1-1.cdninstagram.com/t51.2885-15/e35/21480507_1918641941722794_626121234354012160_n.jpg,56,3,0.081513828,687
https://www.instagram.com/alessio1904,https://scontent-nrt1-1.cdninstagram.com/t51.2885-15/e35/21480406_489616154725871_5091751263473762304_n.jpg,47,0,0.204347826,230
https://www.instagram.com/jo_yssmt,https://scontent-nrt1-1.cdninstagram.com/t51.2885-15/e35/21433538_896424663865945_2154586183877787648_n.jpg,48,2,0.091603053,524
https://www.instagram.com/yelkovanturu,https://scontent-nrt1-1.cdninstagram.com/t51.2885-15/e35/21433834_1975509356063715_9128584019892502528_n.jpg,17,1,0.168316832,101
https://www.instagram.com/erasto_pulido,https://scontent-nrt1-1.cdninstagram.com/t51.2885-15/e35/21433495_294220187727420_8399057470747574272_n.jpg,18,0,0.051136364,352
https://www.instagram.com/wenwhy,https://scontent-nrt1-1.cdninstagram.com/t51.2885-15/e35/21435323_484615628569779_4878721581376864256_n.jpg,27,0,0.204545455,132
https://www.instagram.com/martina_aiello,https://scontent-nrt1-1.cdninstagram.com/t51.2885-15/e35/21433774_117217192316932_1092262904096358400_n.jpg,25,3,0.062972292,397
https://www.instagram.com/elfottuto,https://scontent-nrt1-1.cdninstagram.com/t51.2885-15/e35/21436089_1327819553997188_3476479200922173440_n.jpg,43,1,0.277419355,155
https://www.instagram.com/arzugozcumerey,https://scontent-nrt1-1.cdninstagram.com/t51.2885-15/e35/21435887_145640559368710_1099471177774006272_n.jpg,64,2,0.070953437,902
https://www.instagram.com/anti_flp,https://scontent-nrt1-1.cdninstagram.com/t51.2885-15/e35/21433700_1620365727983275_7492316104203698176_n.jpg,27,0,0.113445378,238
https://www.instagram.com/zimakaterinas,https://scontent-nrt1-1.cdninstagram.com/t51.2885-15/e35/21479654_123140675083174_2657403163476230144_n.jpg,20,0,0.151515152,132
https://www.instagram.com/micastanfield,https://scontent-nrt1-1.cdninstagram.com/t51.2885-15/e35/21433556_1542003309156196_797442025182986240_n.jpg,22,0,0.028833552,763
https://www.instagram.com/potato_with_camera,https://scontent-nrt1-1.cdninstagram.com/t51.2885-15/e35/21373757_1982063092077841_2002336095815073792_n.jpg,6,0,0.6,10
https://www.instagram.com/dariayfmelnik,https://scontent-nrt1-1.cdninstagram.com/t51.2885-15/e35/21568583_575553496142844_9133406774244671488_n.jpg,44,0,0.067073171,656
https://www.instagram.com/aliceinwonderland01,https://scontent-nrt1-1.cdninstagram.com/t51.2885-15/e35/21568799_938443729642810_3092575237091360768_n.jpg,3,0,0.007058824,425
https://www.instagram.com/puszysko,https://scontent-nrt1-1.cdninstagram.com/t51.2885-15/e35/21480410_1804494916515049_251111580857532416_n.jpg,22,0,0.144736842,152
https://www.instagram.com/franca.de.martino,https://scontent-nrt1-1.cdninstagram.com/t51.2885-15/e35/21479619_323150551491440_7239473625756073984_n.jpg,19,0,0.095477387,199
https://www.instagram.com/kenny_an23,https://scontent-nrt1-1.cdninstagram.com/t51.2885-15/e15/21373712_807200732782047_593127274111303680_n.jpg,14,0,0.318181818,44
https://www.instagram.com/prettycoolninja,https://scontent-nrt1-1.cdninstagram.com/t51.2885-15/e35/21433803_606158596439797_1255658342097879040_n.jpg,28,0,0.224,125
https://www.instagram.com/ula_hela,https://scontent-nrt1-1.cdninstagram.com/t51.2885-15/e35/21433613_148125795779368_7603937785921142784_n.jpg,11,2,0.224489796,49
https://www.instagram.com/celinex1804,https://scontent-nrt1-1.cdninstagram.com/t51.2885-15/e35/21569009_1983818675228408_3199673914519191552_n.jpg,15,0,0.217391304,69
https://www.instagram.com/aqere,https://scontent-nrt1-1.cdninstagram.com/t51.2885-15/e35/21480572_139685523311479_147523807265947648_n.jpg,35,0,0.148305085,236
https://www.instagram.com/biiancajaye,https://scontent-nrt1-1.cdninstagram.com/t51.2885-15/s1080x1080/e15/fr/21433781_880013235479517_640344241893015552_n.jpg,9,0,0.050847458,177
https://www.instagram.com/frauzauber,https://scontent-nrt1-1.cdninstagram.com/t51.2885-15/e35/21433354_358229977932236_1028988745812017152_n.jpg,15,0,0.227272727,66
https://www.instagram.com/oriana_b13,https://scontent-nrt1-1.cdninstagram.com/t51.2885-15/e35/21433382_114476085896955_129219339550195712_n.jpg,127,1,0.092768444,1369
https://www.instagram.com/sarafattori,https://scontent-nrt1-1.cdninstagram.com/t51.2885-15/e35/21433356_171745820061977_2003512457292677120_n.jpg,13,0,0.042345277,307
https://www.instagram.com/my_kefalonia,https://scontent-nrt1-1.cdninstagram.com/t51.2885-15/e35/21373565_471593606529969_544538957631717376_n.jpg,359,1,0.080385132,4466
https://www.instagram.com/aries_gallery,https://scontent-nrt1-1.cdninstagram.com/t51.2885-15/e35/21433296_499204543763223_1988234077504798720_n.jpg,29,0,0.090342679,321
https://www.instagram.com/magtoon,https://scontent-nrt1-1.cdninstagram.com/t51.2885-15/e35/21435763_131119740848885_1210007800428625920_n.jpg,20,0,0.125786164,159
https://www.instagram.com/zararosesedgwick,https://scontent-nrt1-1.cdninstagram.com/t51.2885-15/e35/21569318_1469309326703765_5689749279606833152_n.jpg,10,1,0.023752969,421
https://www.instagram.com/valsuvi,https://scontent-nrt1-1.cdninstagram.com/t51.2885-15/e35/21479930_501154440220369_445494675323748352_n.jpg,20,1,0.136986301,146
https://www.instagram.com/dalia47sv,https://scontent-nrt1-1.cdninstagram.com/t51.2885-15/e35/21480382_127764474535108_7504491112422178816_n.jpg,29,1,0.322222222,90
https://www.instagram.com/guidotabacco,https://scontent-nrt1-1.cdninstagram.com/t51.2885-15/e35/21568558_115421382467062_4480091141055709184_n.jpg,153,1,0.029935433,5111
https://www.instagram.com/_manon,https://scontent-nrt1-1.cdninstagram.com/t51.2885-15/e35/21433861_167796527123365_9167887424531988480_n.jpg,81,0,0.107712766,752
https://www.instagram.com/miriam_bor_ptt_sittard,https://scontent-nrt1-1.cdninstagram.com/t51.2885-15/e35/21434013_688961404634413_855776004709285888_n.jpg,36,0,0.210526316,171
https://www.instagram.com/buborek.bogar,https://scontent-nrt1-1.cdninstagram.com/t51.2885-15/e35/21373756_149952325599641_1719292463903932416_n.jpg,41,1,0.174468085,235
https://www.instagram.com/violetatravels,https://scontent-nrt1-1.cdninstagram.com/t51.2885-15/e35/21480472_1841854782791414_967088152428675072_n.jpg,70,2,0.013687916,5114
https://www.instagram.com/_judina_,https://scontent-nrt1-1.cdninstagram.com/t51.2885-15/e35/21373775_449885922051043_3765296089217892352_n.jpg,21,0,0.14893617,141
https://www.instagram.com/mijin__cho,https://scontent-nrt1-1.cdninstagram.com/t51.2885-15/e35/21433385_1008052869336797_4305931196455452672_n.jpg,5,0,0.025,200
https://www.instagram.com/pandisimo.photographer,https://scontent-nrt1-1.cdninstagram.com/t51.2885-15/e35/21576359_338469623265739_5040473468538191872_n.jpg,14,0,0.034567901,405
https://www.instagram.com/active_stie,https://scontent-nrt1-1.cdninstagram.com/t51.2885-15/e35/21480048_220902851774000_3457964193909571584_n.jpg,31,2,0.185628743,167
https://www.instagram.com/lliinnddaahhaass,https://scontent-nrt1-1.cdninstagram.com/t51.2885-15/e35/21434017_1997704603808996_3897892402639142912_n.jpg,47,1,0.095334686,493
https://www.instagram.com/pao_lulu,https://scontent-nrt1-1.cdninstagram.com/t51.2885-15/e35/21373677_147456232518420_2976545523063848960_n.jpg,44,0,0.065967016,667
https://www.instagram.com/ziineeb95,https://scontent-nrt1-1.cdninstagram.com/t51.2885-15/e35/21434195_1069593093144114_1917908995964665856_n.jpg,17,0,0.186813187,91
https://www.instagram.com/erycabras,https://scontent-nrt1-1.cdninstagram.com/t51.2885-15/e35/21373727_1832770260368720_6376880266702487552_n.jpg,13,0,0.12745098,102
https://www.instagram.com/incorniciare,https://scontent-nrt1-1.cdninstagram.com/t51.2885-15/e35/21433903_743048522554246_2588497362468995072_n.jpg,46,1,0.026467204,1738
https://www.instagram.com/vika_buubuu,https://scontent-nrt1-1.cdninstagram.com/t51.2885-15/e35/21433371_138342203442127_138293067848351744_n.jpg,66,0,0.112244898,588
https://www.instagram.com/pandisimo.photographer,https://scontent-nrt1-1.cdninstagram.com/t51.2885-15/e35/21373649_1857933251188912_4859910565218222080_n.jpg,14,0,0.034567901,405
https://www.instagram.com/bingzie,https://scontent-nrt1-1.cdninstagram.com/t51.2885-15/e35/21373788_188272201713903_1537904871028555776_n.jpg,10,0,0.185185185,54
https://www.instagram.com/ellstechrova,https://scontent-nrt1-1.cdninstagram.com/t51.2885-15/e35/21434145_1622988774413005_3000922851197845504_n.jpg,52,6,0.333333333,156
https://www.instagram.com/spiritofelena,https://scontent-nrt1-1.cdninstagram.com/t51.2885-15/e35/21435522_188027275071284_3065335802880851968_n.jpg,11,0,0.070512821,156
https://www.instagram.com/gina.rodrigues.121,https://scontent-nrt1-1.cdninstagram.com/t51.2885-15/e35/21568722_271815766643643_4846416572543139840_n.jpg,25,0,0.135869565,184
https://www.instagram.com/mil.lunares,https://scontent-nrt1-1.cdninstagram.com/t51.2885-15/e35/21434220_266806237159674_8972236017633329152_n.jpg,50,1,0.100401606,498
https://www.instagram.com/broooca,https://scontent-nrt1-1.cdninstagram.com/t51.2885-15/e35/21433856_350095165441543_2391199436907741184_n.jpg,56,1,0.104283054,537
https://www.instagram.com/suzannapazin,https://scontent-nrt1-1.cdninstagram.com/t51.2885-15/e35/21373655_1925057817818825_79981684144996352_n.jpg,99,3,0.10543131,939
https://www.instagram.com/g_ilbay,https://scontent-nrt1-1.cdninstagram.com/t51.2885-15/e35/21435350_2363609333864593_5708997227083464704_n.jpg,21,0,0.08203125,256
https://www.instagram.com/svnrvs,https://scontent-nrt1-1.cdninstagram.com/t51.2885-15/e35/21480561_519703485032055_1019585803975655424_n.jpg,36,0,0.064631957,557
https://www.instagram.com/ad.dv,https://scontent-nrt1-1.cdninstagram.com/t51.2885-15/e35/21434104_275355559619531_4064105399316381696_n.jpg,35,2,0.507246377,69
https://www.instagram.com/asiulika,https://scontent-nrt1-1.cdninstagram.com/t51.2885-15/e35/21433802_372820003135891_7895887397592760320_n.jpg,37,1,0.162280702,228
https://www.instagram.com/anna_panagopoulou,https://scontent-nrt1-1.cdninstagram.com/t51.2885-15/e35/21435559_103798826999714_8147830131931480064_n.jpg,260,0,0.21399177,1215
https://www.instagram.com/chrisi565,https://scontent-nrt1-1.cdninstagram.com/t51.2885-15/e35/21433628_1909856385931452_6708866348031672320_n.jpg,16,0,0.533333333,30
https://www.instagram.com/kiwitchou,https://scontent-nrt1-1.cdninstagram.com/t51.2885-15/e35/21436188_874295856067313_421944411862073344_n.jpg,76,18,0.110465116,688